item,condition,list,position_in_list,sentence,shape_top_1,shape_bottom_1,colour1_top_1,colour2_top_1,colour1_bottom_1,colour2_bottom_1,n_colour1_top_1,n_colour2_top_1,n_colour1_bottom_1,n_colour2_bottom_1,first_picture_label,second_picture_label,position_mentioned_object,zero,color1,color2,color3,color4,picture_type_A,picture_type_B,subexp,subset,correct_card,shape_top_2,shape_bottom_2,colour1_top_2,colour2_top_2,colour1_bottom_2,colour2_bottom_2,n_colour1_top_2,n_colour2_top_2,n_colour1_bottom_2,n_colour2_bottom_2
1,1,1,10,There is exactly one grey heart.,triangle,heart,orange,blue,grey,brown,0,4,1,3,121,122,top,yes,orange,blue,grey,brown,1,2,rainen,hom,First,triangle,heart,brown,orange,blue,grey,0,4,1,3
1,1,1,11,Fewer than three of the hearts are grey.,triangle,heart,orange,grey,brown,blue,0,4,2,2,123,5,bottom,yes,orange,blue,grey,brown,3,5,rainen,het,Second,better,,,,,,,,,
1,2,2,10,Exactly three hearts are grey and exactly one heart is blue.,triangle,heart,brown,orange,blue,grey,0,4,1,3,122,121,bottom,no,orange,blue,grey,brown,2,1,rainen,het,First,triangle,heart,orange,blue,grey,brown,0,4,1,3
1,2,2,11,Fewer than three of the triangles are brown.,triangle,heart,orange,grey,brown,blue,0,4,2,2,123,5,top,no,orange,blue,grey,brown,3,5,rainen,hom,Second,better,,,,,,,,,
2,1,3,10,There are exactly four orange triangles and exactly one blue heart.,triangle,heart,brown,orange,blue,grey,0,4,1,3,122,121,top,yes,orange,blue,grey,brown,2,1,rainen,hom,First,triangle,heart,orange,blue,grey,brown,0,4,1,3
2,1,3,11,Fewer than three of the hearts are brown.,triangle,heart,blue,brown,grey,orange,2,2,4,0,124,5,bottom,yes,orange,blue,grey,brown,4,5,rainen,hom,Second,better,,,,,,,,,
2,2,4,10,Exactly one heart is grey.,triangle,heart,orange,blue,grey,brown,0,4,1,3,121,122,bottom,no,orange,blue,grey,brown,1,2,rainen,het,First,triangle,heart,brown,orange,blue,grey,0,4,1,3
2,2,4,11,Fewer than three of the triangles are grey.,triangle,heart,blue,brown,grey,orange,2,2,4,0,124,5,top,no,orange,blue,grey,brown,4,5,rainen,het,Second,better,,,,,,,,,
4,2,1,20,Exactly three squares are blue and exactly one square is purple.,triangle,square,orange,black,purple,blue,0,4,1,3,341,342,bottom,no,orange,black,purple,blue,1,2,rainen,het,First,triangle,square,blue,orange,black,purple,0,4,1,3
4,2,1,21,Fewer than three of the triangles are purple.,triangle,square,black,blue,purple,orange,2,2,4,0,344,5,top,no,orange,black,purple,blue,4,5,rainen,het,Second,better,,,,,,,,,
3,1,2,20,There are exactly four black triangles.,triangle,square,orange,black,purple,blue,0,4,1,3,341,342,top,yes,orange,black,purple,blue,1,2,rainen,hom,First,triangle,square,blue,orange,black,purple,0,4,1,3
3,1,2,21,Fewer than three of the squares are purple.,triangle,square,orange,purple,blue,black,0,4,2,2,343,5,bottom,yes,orange,black,purple,blue,3,5,rainen,het,Second,better,,,,,,,,,
3,2,3,20,Exactly four triangles are orange and exactly three squares are purple.,triangle,square,blue,orange,black,purple,0,4,1,3,342,341,bottom,no,orange,black,purple,blue,2,1,rainen,het,First,triangle,square,orange,black,purple,blue,0,4,1,3
3,2,3,21,Fewer than three of the triangles are blue.,triangle,square,orange,purple,blue,black,0,4,2,2,343,5,top,no,orange,black,purple,blue,3,5,rainen,hom,Second,better,,,,,,,,,
4,1,4,20,There is exactly one black square and exactly four orange triangles.,triangle,square,blue,orange,black,purple,0,4,1,3,342,341,top,yes,orange,black,purple,blue,2,1,rainen,hom,First,triangle,square,orange,black,purple,blue,0,4,1,3
4,1,4,21,Fewer than three of the squares are blue.,triangle,square,black,blue,purple,orange,2,2,4,0,344,5,bottom,yes,orange,black,purple,blue,4,5,rainen,hom,Second,better,,,,,,,,,
6,1,1,30,There is exactly one green cross.,triangle,cross,yellow,brown,green,pink,0,4,1,3,562,561,top,yes,brown,green,pink,yellow,2,1,rainen,hom,First,triangle,cross,brown,green,pink,yellow,0,4,1,3
6,1,1,31,Fewer than three of the crosses are yellow.,triangle,cross,green,yellow,pink,brown,2,2,4,0,564,5,bottom,yes,brown,green,pink,yellow,4,5,rainen,hom,Second,better,,,,,,,,,
6,2,2,30,There is exactly one pink cross.,triangle,cross,brown,green,pink,yellow,0,4,1,3,561,562,bottom,no,brown,green,pink,yellow,1,2,rainen,het,First,triangle,cross,yellow,brown,green,pink,0,4,1,3
6,2,2,31,Fewer than three of the triangles are pink.,triangle,cross,green,yellow,pink,brown,2,2,4,0,564,5,top,no,brown,green,pink,yellow,4,5,rainen,het,Second,better,,,,,,,,,
5,1,3,30,Exactly three crosses are yellow and exactly one cross is pink.,triangle,cross,brown,green,pink,yellow,0,4,1,3,561,562,top,yes,brown,green,pink,yellow,1,2,rainen,hom,First,triangle,cross,yellow,brown,green,pink,0,4,1,3
5,1,3,31,Fewer than three of the crosses are pink.,triangle,cross,brown,pink,yellow,green,0,4,2,2,563,5,bottom,yes,brown,green,pink,yellow,3,5,rainen,het,Second,better,,,,,,,,,
5,2,4,30,There are exactly three pink crosses.,triangle,cross,yellow,brown,green,pink,0,4,1,3,562,561,bottom,no,brown,green,pink,yellow,2,1,rainen,het,First,triangle,cross,brown,green,pink,yellow,0,4,1,3
5,2,4,31,Fewer than three of the triangles are yellow.,triangle,cross,brown,pink,yellow,green,0,4,2,2,563,5,top,no,brown,green,pink,yellow,3,5,rainen,hom,Second,better,,,,,,,,,
7,2,1,40,There are exactly three purple triangles and exactly one grey triangle.,heart,triangle,turquoise,green,grey,purple,0,4,1,3,782,781,bottom,no,green,grey,purple,turquoise,2,1,rainen,het,First,heart,triangle,green,grey,purple,turquoise,0,4,1,3
7,2,1,41,Fewer than three of the hearts are turquoise.,heart,triangle,green,purple,turquoise,grey,0,4,2,2,783,5,top,no,green,grey,purple,turquoise,3,5,rainen,hom,Second,better,,,,,,,,,
8,1,2,40,Exactly one triangle is grey and exactly three triangles are purple.,heart,triangle,turquoise,green,grey,purple,0,4,1,3,782,781,top,yes,green,grey,purple,turquoise,2,1,rainen,hom,First,heart,triangle,green,grey,purple,turquoise,0,4,1,3
8,1,2,41,Fewer than three of the triangles are turquoise.,heart,triangle,grey,turquoise,purple,green,2,2,4,0,784,5,bottom,yes,green,grey,purple,turquoise,4,5,rainen,hom,Second,better,,,,,,,,,
8,2,3,40,There are exactly three turquoise triangles and exactly four grey hearts.,heart,triangle,green,grey,purple,turquoise,0,4,1,3,781,782,bottom,no,green,grey,purple,turquoise,1,2,rainen,het,First,heart,triangle,turquoise,green,grey,purple,0,4,1,3
8,2,3,41,Fewer than three of the hearts are purple.,heart,triangle,grey,turquoise,purple,green,2,2,4,0,784,5,top,no,green,grey,purple,turquoise,4,5,rainen,het,Second,better,,,,,,,,,
7,1,4,40,There are exactly three turquoise triangles.,heart,triangle,green,grey,purple,turquoise,0,4,1,3,781,782,top,yes,green,grey,purple,turquoise,1,2,rainen,hom,First,heart,triangle,turquoise,green,grey,purple,0,4,1,3
7,1,4,41,Fewer than three of the triangles are purple.,heart,triangle,green,purple,turquoise,grey,0,4,2,2,783,5,bottom,yes,green,grey,purple,turquoise,3,5,rainen,het,Second,better,,,,,,,,,
9,1,1,50,There is exactly one brown square and exactly four grey hearts.,heart,square,blue,grey,brown,orange,0,4,1,3,9101,9102,top,yes,blue,grey,brown,orange,1,2,rainen,hom,First,heart,square,orange,blue,grey,brown,0,4,1,3
9,1,1,51,Fewer than three of the squares are brown.,heart,square,blue,brown,orange,grey,0,4,2,2,9103,5,bottom,yes,blue,grey,brown,orange,3,5,rainen,het,Second,better,,,,,,,,,
9,2,2,50,Exactly one square is grey.,heart,square,orange,blue,grey,brown,0,4,1,3,9102,9101,bottom,no,blue,grey,brown,orange,2,1,rainen,het,First,heart,square,blue,grey,brown,orange,0,4,1,3
9,2,2,51,Fewer than three of the hearts are orange.,heart,square,blue,brown,orange,grey,0,4,2,2,9103,5,top,no,blue,grey,brown,orange,3,5,rainen,hom,Second,better,,,,,,,,,
10,1,3,50,There are exactly three brown squares.,heart,square,orange,blue,grey,brown,0,4,1,3,9102,9101,top,yes,blue,grey,brown,orange,2,1,rainen,hom,First,heart,square,blue,grey,brown,orange,0,4,1,3
10,1,3,51,Fewer than three of the squares are orange.,heart,square,grey,orange,brown,blue,2,2,4,0,9104,5,bottom,yes,blue,grey,brown,orange,4,5,rainen,hom,Second,better,,,,,,,,,
10,2,4,50,Exactly four hearts are grey.,heart,square,blue,grey,brown,orange,0,4,1,3,9101,9102,bottom,no,blue,grey,brown,orange,1,2,rainen,het,First,heart,square,orange,blue,grey,brown,0,4,1,3
10,2,4,51,Fewer than three of the hearts are brown.,heart,square,grey,orange,brown,blue,2,2,4,0,9104,5,top,no,blue,grey,brown,orange,4,5,rainen,het,Second,better,,,,,,,,,
12,2,1,60,Exactly one cross is blue and exactly three crosses are orange.,heart,cross,black,purple,blue,orange,0,4,1,3,11121,11122,bottom,no,black,purple,blue,orange,1,2,rainen,het,First,heart,cross,orange,black,purple,blue,0,4,1,3
12,2,1,61,Fewer than three of the hearts are blue.,heart,cross,purple,orange,blue,black,2,2,4,0,11124,5,top,no,black,purple,blue,orange,4,5,rainen,het,Second,better,,,,,,,,,
11,1,2,60,There is exactly one blue cross and exactly three orange crosses.,heart,cross,black,purple,blue,orange,0,4,1,3,11121,11122,top,yes,black,purple,blue,orange,1,2,rainen,hom,First,heart,cross,orange,black,purple,blue,0,4,1,3
11,1,2,61,Fewer than three of the crosses are blue.,heart,cross,black,blue,orange,purple,0,4,2,2,11123,5,bottom,yes,black,purple,blue,orange,3,5,rainen,het,Second,better,,,,,,,,,
11,2,3,60,Exactly three crosses are blue.,heart,cross,orange,black,purple,blue,0,4,1,3,11122,11121,bottom,no,black,purple,blue,orange,2,1,rainen,het,First,heart,cross,black,purple,blue,orange,0,4,1,3
11,2,3,61,Fewer than three of the hearts are orange.,heart,cross,black,blue,orange,purple,0,4,2,2,11123,5,top,no,black,purple,blue,orange,3,5,rainen,hom,Second,better,,,,,,,,,
12,1,4,60,There are exactly three blue crosses.,heart,cross,orange,black,purple,blue,0,4,1,3,11122,11121,top,yes,black,purple,blue,orange,2,1,rainen,hom,First,heart,cross,black,purple,blue,orange,0,4,1,3
12,1,4,61,Fewer than three of the crosses are orange.,heart,cross,purple,orange,blue,black,2,2,4,0,11124,5,bottom,yes,black,purple,blue,orange,4,5,rainen,hom,Second,better,,,,,,,,,
14,1,1,70,Exactly one triangle is pink.,square,triangle,brown,green,pink,yellow,0,4,1,3,13142,13141,top,yes,green,pink,yellow,brown,2,1,rainen,hom,First,square,triangle,green,pink,yellow,brown,0,4,1,3
14,1,1,71,Fewer than three of the triangles are brown.,square,triangle,pink,brown,yellow,green,2,2,4,0,13144,5,bottom,yes,green,pink,yellow,brown,4,5,rainen,hom,Second,better,,,,,,,,,
14,2,2,70,There are exactly four pink squares.,square,triangle,green,pink,yellow,brown,0,4,1,3,13141,13142,bottom,no,green,pink,yellow,brown,1,2,rainen,het,First,square,triangle,brown,green,pink,yellow,0,4,1,3
14,2,2,71,Fewer than three of the squares are yellow.,square,triangle,pink,brown,yellow,green,2,2,4,0,13144,5,top,no,green,pink,yellow,brown,4,5,rainen,het,Second,better,,,,,,,,,
13,1,3,70,There is exactly one yellow triangle.,square,triangle,green,pink,yellow,brown,0,4,1,3,13141,13142,top,yes,green,pink,yellow,brown,1,2,rainen,hom,First,square,triangle,brown,green,pink,yellow,0,4,1,3
13,1,3,71,Fewer than three of the triangles are yellow.,square,triangle,green,yellow,brown,pink,0,4,2,2,13143,5,bottom,yes,green,pink,yellow,brown,3,5,rainen,het,Second,better,,,,,,,,,
13,2,4,70,There is exactly one pink triangle and exactly three yellow triangles.,square,triangle,brown,green,pink,yellow,0,4,1,3,13142,13141,bottom,no,green,pink,yellow,brown,2,1,rainen,het,First,square,triangle,green,pink,yellow,brown,0,4,1,3
13,2,4,71,Fewer than three of the squares are brown.,square,triangle,green,yellow,brown,pink,0,4,2,2,13143,5,top,no,green,pink,yellow,brown,3,5,rainen,hom,Second,better,,,,,,,,,
15,2,1,80,There are exactly three turquoise hearts.,square,heart,green,grey,purple,turquoise,0,4,1,3,15162,15161,bottom,no,grey,purple,turquoise,green,2,1,rainen,het,First,square,heart,grey,purple,turquoise,green,0,4,1,3
15,2,1,81,Fewer than three of the squares are green.,square,heart,grey,turquoise,green,purple,0,4,2,2,15163,5,top,no,grey,purple,turquoise,green,3,5,rainen,hom,Second,better,,,,,,,,,
16,1,2,80,There are exactly three turquoise hearts.,square,heart,green,grey,purple,turquoise,0,4,1,3,15162,15161,top,yes,grey,purple,turquoise,green,2,1,rainen,hom,First,square,heart,grey,purple,turquoise,green,0,4,1,3
16,1,2,81,Fewer than three of the hearts are green.,square,heart,purple,green,turquoise,grey,2,2,4,0,15164,5,bottom,yes,grey,purple,turquoise,green,4,5,rainen,hom,Second,better,,,,,,,,,
16,2,3,80,Exactly one heart is turquoise and exactly four squares are purple.,square,heart,grey,purple,turquoise,green,0,4,1,3,15161,15162,bottom,no,grey,purple,turquoise,green,1,2,rainen,het,First,square,heart,green,grey,purple,turquoise,0,4,1,3
16,2,3,81,Fewer than three of the squares are turquoise.,square,heart,purple,green,turquoise,grey,2,2,4,0,15164,5,top,no,grey,purple,turquoise,green,4,5,rainen,het,Second,better,,,,,,,,,
15,1,4,80,Exactly one heart is turquoise.,square,heart,grey,purple,turquoise,green,0,4,1,3,15161,15162,top,yes,grey,purple,turquoise,green,1,2,rainen,hom,First,square,heart,green,grey,purple,turquoise,0,4,1,3
15,1,4,81,Fewer than three of the hearts are turquoise.,square,heart,grey,turquoise,green,purple,0,4,2,2,15163,5,bottom,yes,grey,purple,turquoise,green,3,5,rainen,het,Second,better,,,,,,,,,
17,1,1,90,Exactly four squares are brown.,square,cross,grey,brown,orange,blue,0,4,1,3,17181,17182,top,yes,grey,brown,orange,blue,1,2,rainen,hom,First,square,cross,blue,grey,brown,orange,0,4,1,3
17,1,1,91,Fewer than three of the crosses are orange.,square,cross,grey,orange,blue,brown,0,4,2,2,17183,5,bottom,yes,grey,brown,orange,blue,3,5,rainen,het,Second,better,,,,,,,,,
17,2,2,90,There is exactly one brown cross.,square,cross,blue,grey,brown,orange,0,4,1,3,17182,17181,bottom,no,grey,brown,orange,blue,2,1,rainen,het,First,square,cross,grey,brown,orange,blue,0,4,1,3
17,2,2,91,Fewer than three of the squares are blue.,square,cross,grey,orange,blue,brown,0,4,2,2,17183,5,top,no,grey,brown,orange,blue,3,5,rainen,hom,Second,better,,,,,,,,,
18,1,3,90,Exactly four squares are grey and exactly one cross is brown.,square,cross,blue,grey,brown,orange,0,4,1,3,17182,17181,top,yes,grey,brown,orange,blue,2,1,rainen,hom,First,square,cross,grey,brown,orange,blue,0,4,1,3
18,1,3,91,Fewer than three of the crosses are blue.,square,cross,brown,blue,orange,grey,2,2,4,0,17184,5,bottom,yes,grey,brown,orange,blue,4,5,rainen,hom,Second,better,,,,,,,,,
18,2,4,90,Exactly one cross is orange.,square,cross,grey,brown,orange,blue,0,4,1,3,17181,17182,bottom,no,grey,brown,orange,blue,1,2,rainen,het,First,square,cross,blue,grey,brown,orange,0,4,1,3
18,2,4,91,Fewer than three of the squares are orange.,square,cross,brown,blue,orange,grey,2,2,4,0,17184,5,top,no,grey,brown,orange,blue,4,5,rainen,het,Second,better,,,,,,,,,
20,2,1,100,Exactly one triangle is orange and exactly four crosses are blue.,cross,triangle,purple,blue,orange,black,0,4,1,3,19201,19202,bottom,no,purple,blue,orange,black,1,2,rainen,het,First,cross,triangle,black,purple,blue,orange,0,4,1,3
20,2,1,101,Fewer than three of the crosses are orange.,cross,triangle,blue,black,orange,purple,2,2,4,0,19204,5,top,no,purple,blue,orange,black,4,5,rainen,het,Second,better,,,,,,,,,
19,1,2,100,There is exactly one orange triangle and exactly three black triangles.,cross,triangle,purple,blue,orange,black,0,4,1,3,19201,19202,top,yes,purple,blue,orange,black,1,2,rainen,hom,First,cross,triangle,black,purple,blue,orange,0,4,1,3
19,1,2,101,Fewer than three of the triangles are orange.,cross,triangle,purple,orange,black,blue,0,4,2,2,19203,5,bottom,yes,purple,blue,orange,black,3,5,rainen,het,Second,better,,,,,,,,,
19,2,3,100,There are exactly three orange triangles and exactly one blue triangle.,cross,triangle,black,purple,blue,orange,0,4,1,3,19202,19201,bottom,no,purple,blue,orange,black,2,1,rainen,het,First,cross,triangle,purple,blue,orange,black,0,4,1,3
19,2,3,101,Fewer than three of the crosses are black.,cross,triangle,purple,orange,black,blue,0,4,2,2,19203,5,top,no,purple,blue,orange,black,3,5,rainen,hom,Second,better,,,,,,,,,
20,1,4,100,Exactly one triangle is blue.,cross,triangle,black,purple,blue,orange,0,4,1,3,19202,19201,top,yes,purple,blue,orange,black,2,1,rainen,hom,First,cross,triangle,purple,blue,orange,black,0,4,1,3
20,1,4,101,Fewer than three of the triangles are black.,cross,triangle,blue,black,orange,purple,2,2,4,0,19204,5,bottom,yes,purple,blue,orange,black,4,5,rainen,hom,Second,better,,,,,,,,,
22,1,1,110,There are exactly three brown hearts.,cross,heart,green,pink,yellow,brown,0,4,1,3,21222,21221,top,yes,pink,yellow,brown,green,2,1,rainen,hom,First,cross,heart,pink,yellow,brown,green,0,4,1,3
22,1,1,111,Fewer than three of the hearts are green.,cross,heart,yellow,green,brown,pink,2,2,4,0,21224,5,bottom,yes,pink,yellow,brown,green,4,5,rainen,hom,Second,better,,,,,,,,,
22,2,2,110,Exactly four crosses are yellow.,cross,heart,pink,yellow,brown,green,0,4,1,3,21221,21222,bottom,no,pink,yellow,brown,green,1,2,rainen,het,First,cross,heart,green,pink,yellow,brown,0,4,1,3
22,2,2,111,Fewer than three of the crosses are brown.,cross,heart,yellow,green,brown,pink,2,2,4,0,21224,5,top,no,pink,yellow,brown,green,4,5,rainen,het,Second,better,,,,,,,,,
21,1,3,110,There are exactly three green hearts.,cross,heart,pink,yellow,brown,green,0,4,1,3,21221,21222,top,yes,pink,yellow,brown,green,1,2,rainen,hom,First,cross,heart,green,pink,yellow,brown,0,4,1,3
21,1,3,111,Fewer than three of the hearts are brown.,cross,heart,pink,brown,green,yellow,0,4,2,2,21223,5,bottom,yes,pink,yellow,brown,green,3,5,rainen,het,Second,better,,,,,,,,,
21,2,4,110,Exactly four crosses are pink.,cross,heart,green,pink,yellow,brown,0,4,1,3,21222,21221,bottom,no,pink,yellow,brown,green,2,1,rainen,het,First,cross,heart,pink,yellow,brown,green,0,4,1,3
21,2,4,111,Fewer than three of the crosses are green.,cross,heart,pink,brown,green,yellow,0,4,2,2,21223,5,top,no,pink,yellow,brown,green,3,5,rainen,hom,Second,better,,,,,,,,,
23,2,1,120,Exactly one square is turquoise.,cross,square,grey,purple,turquoise,green,0,4,1,3,23242,23241,bottom,no,purple,turquoise,green,grey,2,1,rainen,het,First,cross,square,purple,turquoise,green,grey,0,4,1,3
23,2,1,121,Fewer than three of the crosses are grey.,cross,square,purple,green,grey,turquoise,0,4,2,2,23243,5,top,no,purple,turquoise,green,grey,3,5,rainen,hom,Second,better,,,,,,,,,
24,1,2,120,Exactly one square is turquoise and exactly four crosses are purple.,cross,square,grey,purple,turquoise,green,0,4,1,3,23242,23241,top,yes,purple,turquoise,green,grey,2,1,rainen,hom,First,cross,square,purple,turquoise,green,grey,0,4,1,3
24,1,2,121,Fewer than three of the squares are grey.,cross,square,turquoise,grey,green,purple,2,2,4,0,23244,5,bottom,yes,purple,turquoise,green,grey,4,5,rainen,hom,Second,better,,,,,,,,,
24,2,3,120,There are exactly four turquoise crosses and exactly one green square.,cross,square,purple,turquoise,green,grey,0,4,1,3,23241,23242,bottom,no,purple,turquoise,green,grey,1,2,rainen,het,First,cross,square,grey,purple,turquoise,green,0,4,1,3
24,2,3,121,Fewer than three of the crosses are green.,cross,square,turquoise,grey,green,purple,2,2,4,0,23244,5,top,no,purple,turquoise,green,grey,4,5,rainen,het,Second,better,,,,,,,,,
23,1,4,120,Exactly four crosses are turquoise and exactly one square is green.,cross,square,purple,turquoise,green,grey,0,4,1,3,23241,23242,top,yes,purple,turquoise,green,grey,1,2,rainen,hom,First,cross,square,grey,purple,turquoise,green,0,4,1,3
23,1,4,121,Fewer than three of the squares are green.,cross,square,purple,green,grey,turquoise,0,4,2,2,23243,5,bottom,yes,purple,turquoise,green,grey,3,5,rainen,het,Second,better,,,,,,,,,
25,1,1,130,Exactly four triangles are orange.,triangle,heart,brown,orange,blue,grey,0,4,1,3,25261,25262,top,yes,brown,orange,blue,grey,1,2,rainen,hom,First,triangle,heart,grey,brown,orange,blue,0,4,1,3
25,1,1,131,Fewer than three of the hearts are blue.,triangle,heart,brown,blue,grey,orange,0,4,2,2,25263,5,bottom,yes,brown,orange,blue,grey,3,5,rainen,het,Second,better,,,,,,,,,
25,2,2,130,Exactly one heart is orange.,triangle,heart,grey,brown,orange,blue,0,4,1,3,25262,25261,bottom,no,brown,orange,blue,grey,2,1,rainen,het,First,triangle,heart,brown,orange,blue,grey,0,4,1,3
25,2,2,131,Fewer than three of the triangles are grey.,triangle,heart,brown,blue,grey,orange,0,4,2,2,25263,5,top,no,brown,orange,blue,grey,3,5,rainen,hom,Second,better,,,,,,,,,
26,1,3,130,Exactly three hearts are blue and exactly one heart is orange.,triangle,heart,grey,brown,orange,blue,0,4,1,3,25262,25261,top,yes,brown,orange,blue,grey,2,1,rainen,hom,First,triangle,heart,brown,orange,blue,grey,0,4,1,3
26,1,3,131,Fewer than three of the hearts are grey.,triangle,heart,orange,grey,blue,brown,2,2,4,0,25264,5,bottom,yes,brown,orange,blue,grey,4,5,rainen,hom,Second,better,,,,,,,,,
26,2,4,130,There are exactly four orange triangles and exactly one blue heart.,triangle,heart,brown,orange,blue,grey,0,4,1,3,25261,25262,bottom,no,brown,orange,blue,grey,1,2,rainen,het,First,triangle,heart,grey,brown,orange,blue,0,4,1,3
26,2,4,131,Fewer than three of the triangles are blue.,triangle,heart,orange,grey,blue,brown,2,2,4,0,25264,5,top,no,brown,orange,blue,grey,4,5,rainen,het,Second,better,,,,,,,,,
28,2,1,140,There is exactly one black square and exactly three purple squares.,triangle,square,blue,orange,black,purple,0,4,1,3,27281,27282,bottom,no,blue,orange,black,purple,1,2,rainen,het,First,triangle,square,purple,blue,orange,black,0,4,1,3
28,2,1,141,Fewer than three of the triangles are black.,triangle,square,orange,purple,black,blue,2,2,4,0,27284,5,top,no,blue,orange,black,purple,4,5,rainen,het,Second,better,,,,,,,,,
27,1,2,140,Exactly three squares are purple.,triangle,square,blue,orange,black,purple,0,4,1,3,27281,27282,top,yes,blue,orange,black,purple,1,2,rainen,hom,First,triangle,square,purple,blue,orange,black,0,4,1,3
27,1,2,141,Fewer than three of the squares are black.,triangle,square,blue,black,purple,orange,0,4,2,2,27283,5,bottom,yes,blue,orange,black,purple,3,5,rainen,het,Second,better,,,,,,,,,
27,2,3,140,Exactly one square is orange and exactly three squares are black.,triangle,square,purple,blue,orange,black,0,4,1,3,27282,27281,bottom,no,blue,orange,black,purple,2,1,rainen,het,First,triangle,square,blue,orange,black,purple,0,4,1,3
27,2,3,141,Fewer than three of the triangles are purple.,triangle,square,blue,black,purple,orange,0,4,2,2,27283,5,top,no,blue,orange,black,purple,3,5,rainen,hom,Second,better,,,,,,,,,
28,1,4,140,There are exactly four blue triangles and exactly three black squares.,triangle,square,purple,blue,orange,black,0,4,1,3,27282,27281,top,yes,blue,orange,black,purple,2,1,rainen,hom,First,triangle,square,blue,orange,black,purple,0,4,1,3
28,1,4,141,Fewer than three of the squares are purple.,triangle,square,orange,purple,black,blue,2,2,4,0,27284,5,bottom,yes,blue,orange,black,purple,4,5,rainen,hom,Second,better,,,,,,,,,
30,1,1,150,Exactly one cross is brown.,triangle,cross,pink,yellow,brown,green,0,4,1,3,29302,29301,top,yes,yellow,brown,green,pink,2,1,rainen,hom,First,triangle,cross,yellow,brown,green,pink,0,4,1,3
30,1,1,151,Fewer than three of the crosses are pink.,triangle,cross,brown,pink,green,yellow,2,2,4,0,29304,5,bottom,yes,yellow,brown,green,pink,4,5,rainen,hom,Second,better,,,,,,,,,
30,2,2,150,Exactly four triangles are brown.,triangle,cross,yellow,brown,green,pink,0,4,1,3,29301,29302,bottom,no,yellow,brown,green,pink,1,2,rainen,het,First,triangle,cross,pink,yellow,brown,green,0,4,1,3
30,2,2,151,Fewer than three of the triangles are green.,triangle,cross,brown,pink,green,yellow,2,2,4,0,29304,5,top,no,yellow,brown,green,pink,4,5,rainen,het,Second,better,,,,,,,,,
29,1,3,150,Exactly one cross is green and exactly three crosses are pink.,triangle,cross,yellow,brown,green,pink,0,4,1,3,29301,29302,top,yes,yellow,brown,green,pink,1,2,rainen,hom,First,triangle,cross,pink,yellow,brown,green,0,4,1,3
29,1,3,151,Fewer than three of the crosses are green.,triangle,cross,yellow,green,pink,brown,0,4,2,2,29303,5,bottom,yes,yellow,brown,green,pink,3,5,rainen,het,Second,better,,,,,,,,,
29,2,4,150,Exactly one cross is brown and exactly four triangles are yellow.,triangle,cross,pink,yellow,brown,green,0,4,1,3,29302,29301,bottom,no,yellow,brown,green,pink,2,1,rainen,het,First,triangle,cross,yellow,brown,green,pink,0,4,1,3
29,2,4,151,Fewer than three of the triangles are pink.,triangle,cross,yellow,green,pink,brown,0,4,2,2,29303,5,top,no,yellow,brown,green,pink,3,5,rainen,hom,Second,better,,,,,,,,,
31,2,1,160,There are exactly four turquoise hearts and exactly one green triangle.,heart,triangle,purple,turquoise,green,grey,0,4,1,3,31322,31321,bottom,no,turquoise,green,grey,purple,2,1,rainen,het,First,heart,triangle,turquoise,green,grey,purple,0,4,1,3
31,2,1,161,Fewer than three of the hearts are purple.,heart,triangle,turquoise,grey,purple,green,0,4,2,2,31323,5,top,no,turquoise,green,grey,purple,3,5,rainen,hom,Second,better,,,,,,,,,
32,1,2,160,Exactly one triangle is green and exactly three triangles are grey.,heart,triangle,purple,turquoise,green,grey,0,4,1,3,31322,31321,top,yes,turquoise,green,grey,purple,2,1,rainen,hom,First,heart,triangle,turquoise,green,grey,purple,0,4,1,3
32,1,2,161,Fewer than three of the triangles are purple.,heart,triangle,green,purple,grey,turquoise,2,2,4,0,31324,5,bottom,yes,turquoise,green,grey,purple,4,5,rainen,hom,Second,better,,,,,,,,,
32,2,3,160,Exactly one triangle is grey.,heart,triangle,turquoise,green,grey,purple,0,4,1,3,31321,31322,bottom,no,turquoise,green,grey,purple,1,2,rainen,het,First,heart,triangle,purple,turquoise,green,grey,0,4,1,3
32,2,3,161,Fewer than three of the hearts are grey.,heart,triangle,turquoise,turquoise,turquoise,turquoise,2,2,4,0,31324,5,top,no,turquoise,turquoise,turquoise,turquoise,4,5,rainen,het,Second,better,,,,,,,,,
31,1,4,160,Exactly three triangles are purple and exactly one triangle is grey.,heart,triangle,turquoise,green,grey,purple,0,4,1,3,31321,31322,top,yes,turquoise,green,grey,purple,1,2,rainen,hom,First,heart,triangle,purple,turquoise,green,grey,0,4,1,3
31,1,4,161,Fewer than three of the triangles are grey.,heart,triangle,turquoise,grey,purple,green,0,4,2,2,31323,5,bottom,yes,turquoise,green,grey,purple,3,5,rainen,het,Second,better,,,,,,,,,
33,1,1,170,There are exactly three brown squares.,heart,square,orange,blue,grey,brown,0,4,1,3,33341,33342,top,yes,orange,blue,grey,brown,1,2,rainen,hom,First,heart,square,brown,orange,blue,grey,0,4,1,3
33,1,1,171,Fewer than three of the squares are grey.,heart,square,orange,grey,brown,blue,0,4,2,2,33343,5,bottom,yes,orange,blue,grey,brown,3,5,rainen,het,Second,better,,,,,,,,,
33,2,2,170,Exactly four hearts are orange.,heart,square,brown,orange,blue,grey,0,4,1,3,33342,33341,bottom,no,orange,blue,grey,brown,2,1,rainen,het,First,heart,square,orange,blue,grey,brown,0,4,1,3
33,2,2,171,Fewer than three of the hearts are brown.,heart,square,orange,grey,brown,blue,0,4,2,2,33343,5,top,no,orange,blue,grey,brown,3,5,rainen,hom,Second,better,,,,,,,,,
34,1,3,170,There is exactly one blue square.,heart,square,brown,orange,blue,grey,0,4,1,3,33342,33341,top,yes,orange,blue,grey,brown,2,1,rainen,hom,First,heart,square,orange,blue,grey,brown,0,4,1,3
34,1,3,171,Fewer than three of the squares are brown.,heart,square,blue,brown,grey,orange,2,2,4,0,33344,5,bottom,yes,orange,blue,grey,brown,4,5,rainen,hom,Second,better,,,,,,,,,
34,2,4,170,There are exactly four blue hearts and exactly one grey square.,heart,square,orange,blue,grey,brown,0,4,1,3,33341,33342,bottom,no,orange,blue,grey,brown,1,2,rainen,het,First,heart,square,brown,orange,blue,grey,0,4,1,3
34,2,4,171,Fewer than three of the hearts are grey.,heart,square,blue,brown,grey,orange,2,2,4,0,33344,5,top,no,orange,blue,grey,brown,4,5,rainen,het,Second,better,,,,,,,,,
36,2,1,180,Exactly one cross is purple.,heart,cross,orange,black,purple,blue,0,4,1,3,35361,35362,bottom,no,orange,black,purple,blue,1,2,rainen,het,First,heart,cross,blue,orange,black,purple,0,4,1,3
36,2,1,181,Fewer than three of the hearts are purple.,heart,cross,black,blue,purple,orange,2,2,4,0,35364,5,top,no,orange,black,purple,blue,4,5,rainen,het,Second,better,,,,,,,,,
35,1,2,180,There are exactly three blue crosses and exactly one purple cross.,heart,cross,orange,black,purple,blue,0,4,1,3,35361,35362,top,yes,orange,black,purple,blue,1,2,rainen,hom,First,heart,cross,blue,orange,black,purple,0,4,1,3
35,1,2,181,Fewer than three of the crosses are purple.,heart,cross,orange,purple,blue,black,0,4,2,2,35363,5,bottom,yes,orange,black,purple,blue,3,5,rainen,het,Second,better,,,,,,,,,
35,2,3,180,There are exactly four orange hearts.,heart,cross,blue,orange,black,purple,0,4,1,3,35362,35361,bottom,no,orange,black,purple,blue,2,1,rainen,het,First,heart,cross,orange,black,purple,blue,0,4,1,3
35,2,3,181,Fewer than three of the hearts are blue.,heart,cross,orange,purple,blue,black,0,4,2,2,35363,5,top,no,orange,black,purple,blue,3,5,rainen,hom,Second,better,,,,,,,,,
36,1,4,180,Exactly four hearts are orange.,heart,cross,blue,orange,black,purple,0,4,1,3,35362,35361,top,yes,orange,black,purple,blue,2,1,rainen,hom,First,heart,cross,orange,black,purple,blue,0,4,1,3
36,1,4,181,Fewer than three of the crosses are blue.,heart,cross,black,blue,purple,orange,2,2,4,0,35364,5,bottom,yes,orange,black,purple,blue,4,5,rainen,hom,Second,better,,,,,,,,,
38,1,1,190,There are exactly three pink triangles and exactly one green triangle.,square,triangle,yellow,brown,green,pink,0,4,1,3,37382,37381,top,yes,brown,green,pink,yellow,2,1,rainen,hom,First,square,triangle,brown,green,pink,yellow,0,4,1,3
38,1,1,191,Fewer than three of the triangles are yellow.,square,triangle,green,yellow,pink,brown,2,2,4,0,37384,5,bottom,yes,brown,green,pink,yellow,4,5,rainen,hom,Second,better,,,,,,,,,
38,2,2,190,Exactly one triangle is pink and exactly three triangles are yellow.,square,triangle,brown,green,pink,yellow,0,4,1,3,37381,37382,bottom,no,brown,green,pink,yellow,1,2,rainen,het,First,square,triangle,yellow,brown,green,pink,0,4,1,3
38,2,2,191,Fewer than three of the squares are pink.,square,triangle,green,yellow,pink,brown,2,2,4,0,37384,5,top,no,brown,green,pink,yellow,4,5,rainen,het,Second,better,,,,,,,,,
37,1,3,190,There are exactly three yellow triangles.,square,triangle,brown,green,pink,yellow,0,4,1,3,37381,37382,top,yes,brown,green,pink,yellow,1,2,rainen,hom,First,square,triangle,yellow,brown,green,pink,0,4,1,3
37,1,3,191,Fewer than three of the triangles are pink.,square,triangle,brown,pink,yellow,green,0,4,2,2,37383,5,bottom,yes,brown,green,pink,yellow,3,5,rainen,het,Second,better,,,,,,,,,
37,2,4,190,Exactly three triangles are pink and exactly four squares are brown.,square,triangle,yellow,brown,green,pink,0,4,1,3,37382,37381,bottom,no,brown,green,pink,yellow,2,1,rainen,het,First,square,triangle,brown,green,pink,yellow,0,4,1,3
37,2,4,191,Fewer than three of the squares are yellow.,square,triangle,brown,pink,yellow,green,0,4,2,2,37383,5,top,no,brown,green,pink,yellow,3,5,rainen,hom,Second,better,,,,,,,,,
39,2,1,200,There are exactly four green squares.,square,heart,turquoise,green,grey,purple,0,4,1,3,39402,39401,bottom,no,green,grey,purple,turquoise,2,1,rainen,het,First,square,heart,green,grey,purple,turquoise,0,4,1,3
39,2,1,201,Fewer than three of the squares are turquoise.,square,heart,green,purple,turquoise,grey,0,4,2,2,39403,5,top,no,green,grey,purple,turquoise,3,5,rainen,hom,Second,better,,,,,,,,,
40,1,2,200,There are exactly four green squares.,square,heart,turquoise,green,grey,purple,0,4,1,3,39402,39401,top,yes,green,grey,purple,turquoise,2,1,rainen,hom,First,square,heart,green,grey,purple,turquoise,0,4,1,3
40,1,2,201,Fewer than three of the hearts are turquoise.,square,heart,grey,turquoise,purple,green,2,2,4,0,39404,5,bottom,yes,green,grey,purple,turquoise,4,5,rainen,hom,Second,better,,,,,,,,,
40,2,3,200,Exactly three hearts are turquoise and exactly one heart is purple.,square,heart,green,grey,purple,turquoise,0,4,1,3,39401,39402,bottom,no,green,grey,purple,turquoise,1,2,rainen,het,First,square,heart,turquoise,green,grey,purple,0,4,1,3
40,2,3,201,Fewer than three of the squares are purple.,square,heart,grey,turquoise,purple,green,2,2,4,0,39404,5,top,no,green,grey,purple,turquoise,4,5,rainen,het,Second,better,,,,,,,,,
39,1,4,200,There are exactly three turquoise hearts and exactly one purple heart.,square,heart,green,grey,purple,turquoise,0,4,1,3,39401,39402,top,yes,green,grey,purple,turquoise,1,2,rainen,hom,First,square,heart,turquoise,green,grey,purple,0,4,1,3
39,1,4,201,Fewer than three of the hearts are purple.,square,heart,green,purple,turquoise,grey,0,4,2,2,39403,5,bottom,yes,green,grey,purple,turquoise,3,5,rainen,het,Second,better,,,,,,,,,
41,1,1,210,There are exactly three orange crosses.,square,cross,blue,grey,brown,orange,0,4,1,3,41421,41422,top,yes,blue,grey,brown,orange,1,2,rainen,hom,First,square,cross,orange,blue,grey,brown,0,4,1,3
41,1,1,211,Fewer than three of the crosses are brown.,square,cross,blue,brown,orange,grey,0,4,2,2,41423,5,bottom,yes,blue,grey,brown,orange,3,5,rainen,het,Second,better,,,,,,,,,
41,2,2,210,Exactly four squares are blue.,square,cross,orange,blue,grey,brown,0,4,1,3,41422,41421,bottom,no,blue,grey,brown,orange,2,1,rainen,het,First,square,cross,blue,grey,brown,orange,0,4,1,3
41,2,2,211,Fewer than three of the squares are orange.,square,cross,blue,brown,orange,grey,0,4,2,2,41423,5,top,no,blue,grey,brown,orange,3,5,rainen,hom,Second,better,,,,,,,,,
42,1,3,210,Exactly four squares are blue and exactly one cross is grey.,square,cross,orange,blue,grey,brown,0,4,1,3,41422,41421,top,yes,blue,grey,brown,orange,2,1,rainen,hom,First,square,cross,blue,grey,brown,orange,0,4,1,3
42,1,3,211,Fewer than three of the crosses are orange.,square,cross,grey,orange,brown,blue,2,2,4,0,41424,5,bottom,yes,blue,grey,brown,orange,4,5,rainen,hom,Second,better,,,,,,,,,
42,2,4,210,There are exactly three orange crosses.,square,cross,blue,grey,brown,orange,0,4,1,3,41421,41422,bottom,no,blue,grey,brown,orange,1,2,rainen,het,First,square,cross,orange,blue,grey,brown,0,4,1,3
42,2,4,211,Fewer than three of the squares are brown.,square,cross,grey,orange,brown,blue,2,2,4,0,41424,5,top,no,blue,grey,brown,orange,4,5,rainen,het,Second,better,,,,,,,,,
44,2,1,220,Exactly three triangles are orange and exactly one triangle is blue.,cross,triangle,black,purple,blue,orange,0,4,1,3,43441,43442,bottom,no,black,purple,blue,orange,1,2,rainen,het,First,cross,triangle,orange,black,purple,blue,0,4,1,3
44,2,1,221,Fewer than three of the crosses are blue.,cross,triangle,purple,orange,blue,black,2,2,4,0,43444,5,top,no,black,purple,blue,orange,4,5,rainen,het,Second,better,,,,,,,,,
43,1,2,220,There are exactly four purple crosses and exactly one blue triangle.,cross,triangle,black,purple,blue,orange,0,4,1,3,43441,43442,top,yes,black,purple,blue,orange,1,2,rainen,hom,First,cross,triangle,orange,black,purple,blue,0,4,1,3
43,1,2,221,Fewer than three of the triangles are blue.,cross,triangle,black,blue,orange,purple,0,4,2,2,43443,5,bottom,yes,black,purple,blue,orange,3,5,rainen,het,Second,better,,,,,,,,,
43,2,3,220,There are exactly three blue triangles.,cross,triangle,orange,black,purple,blue,0,4,1,3,43442,43441,bottom,no,black,purple,blue,orange,2,1,rainen,het,First,cross,triangle,black,purple,blue,orange,0,4,1,3
43,2,3,221,Fewer than three of the crosses are orange.,cross,triangle,black,blue,orange,purple,0,4,2,2,43443,5,top,no,black,purple,blue,orange,3,5,rainen,hom,Second,better,,,,,,,,,
44,1,4,220,There are exactly three blue triangles.,cross,triangle,orange,black,purple,blue,0,4,1,3,43442,43441,top,yes,black,purple,blue,orange,2,1,rainen,hom,First,cross,triangle,black,purple,blue,orange,0,4,1,3
44,1,4,221,Fewer than three of the triangles are orange.,cross,triangle,purple,orange,blue,black,2,2,4,0,43444,5,bottom,yes,black,purple,blue,orange,4,5,rainen,hom,Second,better,,,,,,,,,
46,1,1,230,Exactly one heart is pink and exactly three hearts are yellow.,cross,heart,brown,green,pink,yellow,0,4,1,3,45462,45461,top,yes,green,pink,yellow,brown,2,1,rainen,hom,First,cross,heart,green,pink,yellow,brown,0,4,1,3
46,1,1,231,Fewer than three of the hearts are brown.,cross,heart,pink,brown,yellow,green,2,2,4,0,45464,5,bottom,yes,green,pink,yellow,brown,4,5,rainen,hom,Second,better,,,,,,,,,
46,2,2,230,There are exactly four pink crosses and exactly three brown hearts.,cross,heart,green,pink,yellow,brown,0,4,1,3,45461,45462,bottom,no,green,pink,yellow,brown,1,2,rainen,het,First,cross,heart,brown,green,pink,yellow,0,4,1,3
46,2,2,231,Fewer than three of the crosses are yellow.,cross,heart,pink,brown,yellow,green,2,2,4,0,45464,5,top,no,green,pink,yellow,brown,4,5,rainen,het,Second,better,,,,,,,,,
45,1,3,230,Exactly four crosses are pink and exactly one heart is yellow.,cross,heart,green,pink,yellow,brown,0,4,1,3,45461,45462,top,yes,green,pink,yellow,brown,1,2,rainen,hom,First,cross,heart,brown,green,pink,yellow,0,4,1,3
45,1,3,231,Fewer than three of the hearts are yellow.,cross,heart,green,yellow,brown,pink,0,4,2,2,45463,5,bottom,yes,green,pink,yellow,brown,3,5,rainen,het,Second,better,,,,,,,,,
45,2,4,230,Exactly one heart is pink and exactly four crosses are green.,cross,heart,brown,green,pink,yellow,0,4,1,3,45462,45461,bottom,no,green,pink,yellow,brown,2,1,rainen,het,First,cross,heart,green,pink,yellow,brown,0,4,1,3
45,2,4,231,Fewer than three of the crosses are brown.,cross,heart,green,yellow,brown,pink,0,4,2,2,45463,5,top,no,green,pink,yellow,brown,3,5,rainen,hom,Second,better,,,,,,,,,
47,2,1,240,There is exactly one purple square and exactly four grey crosses.,cross,square,green,grey,purple,turquoise,0,4,1,3,47482,47481,bottom,no,grey,purple,turquoise,green,2,1,rainen,het,First,cross,square,grey,purple,turquoise,green,0,4,1,3
47,2,1,241,Fewer than three of the crosses are green.,cross,square,grey,turquoise,green,purple,0,4,2,2,47483,5,top,no,grey,purple,turquoise,green,3,5,rainen,hom,Second,better,,,,,,,,,
48,1,2,240,Exactly one square is purple.,cross,square,green,grey,purple,turquoise,0,4,1,3,47482,47481,top,yes,grey,purple,turquoise,green,2,1,rainen,hom,First,cross,square,grey,purple,turquoise,green,0,4,1,3
48,1,2,241,Fewer than three of the squares are green.,cross,square,purple,green,turquoise,grey,2,2,4,0,47484,5,bottom,yes,grey,purple,turquoise,green,4,5,rainen,hom,Second,better,,,,,,,,,
48,2,3,240,There are exactly four purple crosses.,cross,square,grey,purple,turquoise,green,0,4,1,3,47481,47482,bottom,no,grey,purple,turquoise,green,1,2,rainen,het,First,cross,square,green,grey,purple,turquoise,0,4,1,3
48,2,3,241,Fewer than three of the crosses are turquoise.,cross,square,purple,green,turquoise,grey,2,2,4,0,47484,5,top,no,grey,purple,turquoise,green,4,5,rainen,het,Second,better,,,,,,,,,
47,1,4,240,Exactly four crosses are purple.,cross,square,grey,purple,turquoise,green,0,4,1,3,47481,47482,top,yes,grey,purple,turquoise,green,1,2,rainen,hom,First,cross,square,green,grey,purple,turquoise,0,4,1,3
47,1,4,241,Fewer than three of the squares are turquoise.,cross,square,grey,turquoise,green,purple,0,4,2,2,47483,5,bottom,yes,grey,purple,turquoise,green,3,5,rainen,het,Second,better,,,,,,,,,
49,1,1,250,Exactly four triangles are brown.,triangle,heart,grey,brown,orange,blue,0,4,1,3,49501,49502,top,yes,grey,brown,orange,blue,1,2,rainen,hom,First,triangle,heart,blue,grey,brown,orange,0,4,1,3
49,1,1,251,Fewer than three of the hearts are orange.,triangle,heart,grey,orange,blue,brown,0,4,2,2,49503,5,bottom,yes,grey,brown,orange,blue,3,5,rainen,het,Second,better,,,,,,,,,
49,2,2,250,Exactly one heart is brown.,triangle,heart,blue,grey,brown,orange,0,4,1,3,49502,49501,bottom,no,grey,brown,orange,blue,2,1,rainen,het,First,triangle,heart,grey,brown,orange,blue,0,4,1,3
49,2,2,251,Fewer than three of the triangles are blue.,triangle,heart,grey,orange,blue,brown,0,4,2,2,49503,5,top,no,grey,brown,orange,blue,3,5,rainen,hom,Second,better,,,,,,,,,
50,1,3,250,There are exactly three orange hearts and exactly one brown heart.,triangle,heart,blue,grey,brown,orange,0,4,1,3,49502,49501,top,yes,grey,brown,orange,blue,2,1,rainen,hom,First,triangle,heart,grey,brown,orange,blue,0,4,1,3
50,1,3,251,Fewer than three of the hearts are blue.,triangle,heart,brown,blue,orange,grey,2,2,4,0,49504,5,bottom,yes,grey,brown,orange,blue,4,5,rainen,hom,Second,better,,,,,,,,,
50,2,4,250,There is exactly one orange heart and exactly three blue hearts.,triangle,heart,grey,brown,orange,blue,0,4,1,3,49501,49502,bottom,no,grey,brown,orange,blue,1,2,rainen,het,First,triangle,heart,blue,grey,brown,orange,0,4,1,3
50,2,4,251,Fewer than three of the triangles are orange.,triangle,heart,brown,blue,orange,grey,2,2,4,0,49504,5,top,no,grey,brown,orange,blue,4,5,rainen,het,Second,better,,,,,,,,,
52,2,1,260,There are exactly four blue triangles.,triangle,square,purple,blue,orange,black,0,4,1,3,51521,51522,bottom,no,purple,blue,orange,black,1,2,rainen,het,First,triangle,square,black,purple,blue,orange,0,4,1,3
52,2,1,261,Fewer than three of the triangles are orange.,triangle,square,blue,black,orange,purple,2,2,4,0,51524,5,top,no,purple,blue,orange,black,4,5,rainen,het,Second,better,,,,,,,,,
51,1,2,260,There are exactly three black squares.,triangle,square,purple,blue,orange,black,0,4,1,3,51521,51522,top,yes,purple,blue,orange,black,1,2,rainen,hom,First,triangle,square,black,purple,blue,orange,0,4,1,3
51,1,2,261,Fewer than three of the squares are orange.,triangle,square,purple,orange,black,blue,0,4,2,2,51523,5,bottom,yes,purple,blue,orange,black,3,5,rainen,het,Second,better,,,,,,,,,
51,2,3,260,There are exactly four purple triangles and exactly one blue square.,triangle,square,black,purple,blue,orange,0,4,1,3,51522,51521,bottom,no,purple,blue,orange,black,2,1,rainen,het,First,triangle,square,purple,blue,orange,black,0,4,1,3
51,2,3,261,Fewer than three of the triangles are black.,triangle,square,purple,orange,black,blue,0,4,2,2,51523,5,top,no,purple,blue,orange,black,3,5,rainen,hom,Second,better,,,,,,,,,
52,1,4,260,There is exactly one blue square.,triangle,square,black,purple,blue,orange,0,4,1,3,51522,51521,top,yes,purple,blue,orange,black,2,1,rainen,hom,First,triangle,square,purple,blue,orange,black,0,4,1,3
52,1,4,261,Fewer than three of the squares are black.,triangle,square,blue,black,orange,purple,2,2,4,0,51524,5,bottom,yes,purple,blue,orange,black,4,5,rainen,hom,Second,better,,,,,,,,,
54,1,1,270,There are exactly three brown crosses and exactly four pink triangles.,triangle,cross,green,pink,yellow,brown,0,4,1,3,53542,53541,top,yes,pink,yellow,brown,green,2,1,rainen,hom,First,triangle,cross,pink,yellow,brown,green,0,4,1,3
54,1,1,271,Fewer than three of the crosses are green.,triangle,cross,yellow,green,brown,pink,2,2,4,0,53544,5,bottom,yes,pink,yellow,brown,green,4,5,rainen,hom,Second,better,,,,,,,,,
54,2,2,270,Exactly one cross is brown.,triangle,cross,pink,yellow,brown,green,0,4,1,3,53541,53542,bottom,no,pink,yellow,brown,green,1,2,rainen,het,First,triangle,cross,green,pink,yellow,brown,0,4,1,3
54,2,2,271,Fewer than three of the triangles are brown.,triangle,cross,yellow,green,brown,pink,2,2,4,0,53544,5,top,no,pink,yellow,brown,green,4,5,rainen,het,Second,better,,,,,,,,,
53,1,3,270,There are exactly four yellow triangles and exactly one brown cross.,triangle,cross,pink,yellow,brown,green,0,4,1,3,53541,53542,top,yes,pink,yellow,brown,green,1,2,rainen,hom,First,triangle,cross,green,pink,yellow,brown,0,4,1,3
53,1,3,271,Fewer than three of the crosses are brown.,triangle,cross,pink,brown,green,yellow,0,4,2,2,53543,5,bottom,yes,pink,yellow,brown,green,3,5,rainen,het,Second,better,,,,,,,,,
53,2,4,270,Exactly four triangles are pink and exactly one cross is yellow.,triangle,cross,green,pink,yellow,brown,0,4,1,3,53542,53541,bottom,no,pink,yellow,brown,green,2,1,rainen,het,First,triangle,cross,pink,yellow,brown,green,0,4,1,3
53,2,4,271,Fewer than three of the triangles are green.,triangle,cross,pink,brown,green,yellow,0,4,2,2,53543,5,top,no,pink,yellow,brown,green,3,5,rainen,hom,Second,better,,,,,,,,,
55,2,1,280,Exactly four hearts are purple and exactly one triangle is turquoise.,heart,triangle,grey,purple,turquoise,green,0,4,1,3,55562,55561,bottom,no,purple,turquoise,green,grey,2,1,rainen,het,First,heart,triangle,purple,turquoise,green,grey,0,4,1,3
55,2,1,281,Fewer than three of the hearts are grey.,heart,triangle,purple,green,grey,turquoise,0,4,2,2,55563,5,top,no,purple,turquoise,green,grey,3,5,rainen,hom,Second,better,,,,,,,,,
56,1,2,280,There are exactly four purple hearts and exactly one turquoise triangle.,heart,triangle,grey,purple,turquoise,green,0,4,1,3,55562,55561,top,yes,purple,turquoise,green,grey,2,1,rainen,hom,First,heart,triangle,purple,turquoise,green,grey,0,4,1,3
56,1,2,281,Fewer than three of the triangles are grey.,heart,triangle,turquoise,grey,green,purple,2,2,4,0,55564,5,bottom,yes,purple,turquoise,green,grey,4,5,rainen,hom,Second,better,,,,,,,,,
56,2,3,280,There are exactly four turquoise hearts.,heart,triangle,purple,turquoise,green,grey,0,4,1,3,55561,55562,bottom,no,purple,turquoise,green,grey,1,2,rainen,het,First,heart,triangle,grey,purple,turquoise,green,0,4,1,3
56,2,3,281,Fewer than three of the hearts are green.,heart,triangle,turquoise,grey,green,purple,2,2,4,0,55564,5,top,no,purple,turquoise,green,grey,4,5,rainen,het,Second,better,,,,,,,,,
55,1,4,280,Exactly four hearts are turquoise and exactly one triangle is green.,heart,triangle,purple,turquoise,green,grey,0,4,1,3,55561,55562,top,yes,purple,turquoise,green,grey,1,2,rainen,hom,First,heart,triangle,grey,purple,turquoise,green,0,4,1,3
55,1,4,281,Fewer than three of the triangles are green.,heart,triangle,purple,green,grey,turquoise,0,4,2,2,55563,5,bottom,yes,purple,turquoise,green,grey,3,5,rainen,het,Second,better,,,,,,,,,
57,1,1,290,Exactly three squares are grey.,heart,square,brown,orange,blue,grey,0,4,1,3,57581,57582,top,yes,brown,orange,blue,grey,1,2,rainen,hom,First,heart,square,grey,brown,orange,blue,0,4,1,3
57,1,1,291,Fewer than three of the squares are blue.,heart,square,brown,blue,grey,orange,0,4,2,2,57583,5,bottom,yes,brown,orange,blue,grey,3,5,rainen,het,Second,better,,,,,,,,,
57,2,2,290,There are exactly four brown hearts.,heart,square,grey,brown,orange,blue,0,4,1,3,57582,57581,bottom,no,brown,orange,blue,grey,2,1,rainen,het,First,heart,square,brown,orange,blue,grey,0,4,1,3
57,2,2,291,Fewer than three of the hearts are grey.,heart,square,brown,blue,grey,orange,0,4,2,2,57583,5,top,no,brown,orange,blue,grey,3,5,rainen,hom,Second,better,,,,,,,,,
58,1,3,290,There is exactly one orange square and exactly four brown hearts.,heart,square,grey,brown,orange,blue,0,4,1,3,57582,57581,top,yes,brown,orange,blue,grey,2,1,rainen,hom,First,heart,square,brown,orange,blue,grey,0,4,1,3
58,1,3,291,Fewer than three of the squares are grey.,heart,square,orange,grey,blue,brown,2,2,4,0,57584,5,bottom,yes,brown,orange,blue,grey,4,5,rainen,hom,Second,better,,,,,,,,,
58,2,4,290,There are exactly three grey squares.,heart,square,brown,orange,blue,grey,0,4,1,3,57581,57582,bottom,no,brown,orange,blue,grey,1,2,rainen,het,First,heart,square,grey,brown,orange,blue,0,4,1,3
58,2,4,291,Fewer than three of the hearts are blue.,heart,square,orange,grey,blue,brown,2,2,4,0,57584,5,top,no,brown,orange,blue,grey,4,5,rainen,het,Second,better,,,,,,,,,
60,2,1,300,There are exactly three purple crosses.,heart,cross,blue,orange,black,purple,0,4,1,3,59601,59602,bottom,no,blue,orange,black,purple,1,2,rainen,het,First,heart,cross,purple,blue,orange,black,0,4,1,3
60,2,1,301,Fewer than three of the hearts are black.,heart,cross,orange,purple,black,blue,2,2,4,0,59604,5,top,no,blue,orange,black,purple,4,5,rainen,het,Second,better,,,,,,,,,
59,1,2,300,Exactly one cross is black and exactly four hearts are orange.,heart,cross,blue,orange,black,purple,0,4,1,3,59601,59602,top,yes,blue,orange,black,purple,1,2,rainen,hom,First,heart,cross,purple,blue,orange,black,0,4,1,3
59,1,2,301,Fewer than three of the crosses are black.,heart,cross,blue,black,purple,orange,0,4,2,2,59603,5,bottom,yes,blue,orange,black,purple,3,5,rainen,het,Second,better,,,,,,,,,
59,2,3,300,Exactly three crosses are black.,heart,cross,purple,blue,orange,black,0,4,1,3,59602,59601,bottom,no,blue,orange,black,purple,2,1,rainen,het,First,heart,cross,blue,orange,black,purple,0,4,1,3
59,2,3,301,Fewer than three of the hearts are purple.,heart,cross,blue,black,purple,orange,0,4,2,2,59603,5,top,no,blue,orange,black,purple,3,5,rainen,hom,Second,better,,,,,,,,,
60,1,4,300,There is exactly one orange cross.,heart,cross,purple,blue,orange,black,0,4,1,3,59602,59601,top,yes,blue,orange,black,purple,2,1,rainen,hom,First,heart,cross,blue,orange,black,purple,0,4,1,3
60,1,4,301,Fewer than three of the crosses are purple.,heart,cross,orange,purple,black,blue,2,2,4,0,59604,5,bottom,yes,blue,orange,black,purple,4,5,rainen,hom,Second,better,,,,,,,,,
62,1,1,310,There are exactly four yellow squares and exactly one brown triangle.,square,triangle,pink,yellow,brown,green,0,4,1,3,61622,61621,top,yes,yellow,brown,green,pink,2,1,rainen,hom,First,square,triangle,yellow,brown,green,pink,0,4,1,3
62,1,1,311,Fewer than three of the triangles are pink.,square,triangle,brown,pink,green,yellow,2,2,4,0,61624,5,bottom,yes,yellow,brown,green,pink,4,5,rainen,hom,Second,better,,,,,,,,,
62,2,2,310,There is exactly one green triangle.,square,triangle,yellow,brown,green,pink,0,4,1,3,61621,61622,bottom,no,yellow,brown,green,pink,1,2,rainen,het,First,square,triangle,pink,yellow,brown,green,0,4,1,3
62,2,2,311,Fewer than three of the squares are green.,square,triangle,brown,pink,green,yellow,2,2,4,0,61624,5,top,no,yellow,brown,green,pink,4,5,rainen,het,Second,better,,,,,,,,,
61,1,3,310,Exactly four squares are brown and exactly three triangles are pink.,square,triangle,yellow,brown,green,pink,0,4,1,3,61621,61622,top,yes,yellow,brown,green,pink,1,2,rainen,hom,First,square,triangle,pink,yellow,brown,green,0,4,1,3
61,1,3,311,Fewer than three of the triangles are green.,square,triangle,yellow,green,pink,brown,0,4,2,2,61623,5,bottom,yes,yellow,brown,green,pink,3,5,rainen,het,Second,better,,,,,,,,,
61,2,4,310,Exactly four squares are yellow and exactly three triangles are green.,square,triangle,pink,yellow,brown,green,0,4,1,3,61622,61621,bottom,no,yellow,brown,green,pink,2,1,rainen,het,First,square,triangle,yellow,brown,green,pink,0,4,1,3
61,2,4,311,Fewer than three of the squares are pink.,square,triangle,yellow,green,pink,brown,0,4,2,2,61623,5,top,no,yellow,brown,green,pink,3,5,rainen,hom,Second,better,,,,,,,,,
63,2,1,320,Exactly three hearts are grey and exactly one heart is green.,square,heart,purple,turquoise,green,grey,0,4,1,3,63642,63641,bottom,no,turquoise,green,grey,purple,2,1,rainen,het,First,square,heart,turquoise,green,grey,purple,0,4,1,3
63,2,1,321,Fewer than three of the squares are purple.,square,heart,turquoise,grey,purple,green,0,4,2,2,63643,5,top,no,turquoise,green,grey,purple,3,5,rainen,hom,Second,better,,,,,,,,,
64,1,2,320,There is exactly one green heart.,square,heart,purple,turquoise,green,grey,0,4,1,3,63642,63641,top,yes,turquoise,green,grey,purple,2,1,rainen,hom,First,square,heart,turquoise,green,grey,purple,0,4,1,3
64,1,2,321,Fewer than three of the hearts are purple.,square,heart,green,purple,grey,turquoise,2,2,4,0,63644,5,bottom,yes,turquoise,green,grey,purple,4,5,rainen,hom,Second,better,,,,,,,,,
64,2,3,320,Exactly three hearts are purple and exactly four squares are green.,square,heart,turquoise,green,grey,purple,0,4,1,3,63641,63642,bottom,no,turquoise,green,grey,purple,1,2,rainen,het,First,square,heart,purple,turquoise,green,grey,0,4,1,3
64,2,3,321,Fewer than three of the squares are grey.,square,heart,turquoise,turquoise,turquoise,turquoise,2,2,4,0,63644,5,top,no,turquoise,turquoise,turquoise,turquoise,4,5,rainen,het,Second,better,,,,,,,,,
63,1,4,320,There is exactly one grey heart.,square,heart,turquoise,green,grey,purple,0,4,1,3,63641,63642,top,yes,turquoise,green,grey,purple,1,2,rainen,hom,First,square,heart,purple,turquoise,green,grey,0,4,1,3
63,1,4,321,Fewer than three of the hearts are grey.,square,heart,turquoise,grey,purple,green,0,4,2,2,63643,5,bottom,yes,turquoise,green,grey,purple,3,5,rainen,het,Second,better,,,,,,,,,
65,1,1,330,There are exactly four blue squares and exactly three brown crosses.,square,cross,orange,blue,grey,brown,0,4,1,3,65661,65662,top,yes,orange,blue,grey,brown,1,2,rainen,hom,First,square,cross,brown,orange,blue,grey,0,4,1,3
65,1,1,331,Fewer than three of the crosses are grey.,square,cross,orange,grey,brown,blue,0,4,2,2,65663,5,bottom,yes,orange,blue,grey,brown,3,5,rainen,het,Second,better,,,,,,,,,
65,2,2,330,There are exactly three grey crosses and exactly one blue cross.,square,cross,brown,orange,blue,grey,0,4,1,3,65662,65661,bottom,no,orange,blue,grey,brown,2,1,rainen,het,First,square,cross,orange,blue,grey,brown,0,4,1,3
65,2,2,331,Fewer than three of the squares are brown.,square,cross,orange,grey,brown,blue,0,4,2,2,65663,5,top,no,orange,blue,grey,brown,3,5,rainen,hom,Second,better,,,,,,,,,
66,1,3,330,Exactly three crosses are grey.,square,cross,brown,orange,blue,grey,0,4,1,3,65662,65661,top,yes,orange,blue,grey,brown,2,1,rainen,hom,First,square,cross,orange,blue,grey,brown,0,4,1,3
66,1,3,331,Fewer than three of the crosses are brown.,square,cross,blue,brown,grey,orange,2,2,4,0,65664,5,bottom,yes,orange,blue,grey,brown,4,5,rainen,hom,Second,better,,,,,,,,,
66,2,4,330,There are exactly four blue squares.,square,cross,orange,blue,grey,brown,0,4,1,3,65661,65662,bottom,no,orange,blue,grey,brown,1,2,rainen,het,First,square,cross,brown,orange,blue,grey,0,4,1,3
66,2,4,331,Fewer than three of the squares are grey.,square,cross,blue,brown,grey,orange,2,2,4,0,65664,5,top,no,orange,blue,grey,brown,4,5,rainen,het,Second,better,,,,,,,,,
68,2,1,340,Exactly one triangle is purple.,cross,triangle,orange,black,purple,blue,0,4,1,3,67681,67682,bottom,no,orange,black,purple,blue,1,2,rainen,het,First,cross,triangle,blue,orange,black,purple,0,4,1,3
68,2,1,341,Fewer than three of the crosses are purple.,cross,triangle,black,blue,purple,orange,2,2,4,0,67684,5,top,no,orange,black,purple,blue,4,5,rainen,het,Second,better,,,,,,,,,
67,1,2,340,Exactly three triangles are blue.,cross,triangle,orange,black,purple,blue,0,4,1,3,67681,67682,top,yes,orange,black,purple,blue,1,2,rainen,hom,First,cross,triangle,blue,orange,black,purple,0,4,1,3
67,1,2,341,Fewer than three of the triangles are purple.,cross,triangle,orange,purple,blue,black,0,4,2,2,67683,5,bottom,yes,orange,black,purple,blue,3,5,rainen,het,Second,better,,,,,,,,,
67,2,3,340,There are exactly four orange crosses and exactly three purple triangles.,cross,triangle,blue,orange,black,purple,0,4,1,3,67682,67681,bottom,no,orange,black,purple,blue,2,1,rainen,het,First,cross,triangle,orange,black,purple,blue,0,4,1,3
67,2,3,341,Fewer than three of the crosses are blue.,cross,triangle,orange,purple,blue,black,0,4,2,2,67683,5,top,no,orange,black,purple,blue,3,5,rainen,hom,Second,better,,,,,,,,,
68,1,4,340,There are exactly four orange crosses.,cross,triangle,blue,orange,black,purple,0,4,1,3,67682,67681,top,yes,orange,black,purple,blue,2,1,rainen,hom,First,cross,triangle,orange,black,purple,blue,0,4,1,3
68,1,4,341,Fewer than three of the triangles are blue.,cross,triangle,black,blue,purple,orange,2,2,4,0,67684,5,bottom,yes,orange,black,purple,blue,4,5,rainen,hom,Second,better,,,,,,,,,
70,1,1,350,Exactly three hearts are pink and exactly four crosses are brown.,cross,heart,yellow,brown,green,pink,0,4,1,3,69702,69701,top,yes,brown,green,pink,yellow,2,1,rainen,hom,First,cross,heart,brown,green,pink,yellow,0,4,1,3
70,1,1,351,Fewer than three of the hearts are yellow.,cross,heart,green,yellow,pink,brown,2,2,4,0,69704,5,bottom,yes,brown,green,pink,yellow,4,5,rainen,hom,Second,better,,,,,,,,,
70,2,2,350,Exactly four crosses are green and exactly three hearts are yellow.,cross,heart,brown,green,pink,yellow,0,4,1,3,69701,69702,bottom,no,brown,green,pink,yellow,1,2,rainen,het,First,cross,heart,yellow,brown,green,pink,0,4,1,3
70,2,2,351,Fewer than three of the crosses are pink.,cross,heart,green,yellow,pink,brown,2,2,4,0,69704,5,top,no,brown,green,pink,yellow,4,5,rainen,het,Second,better,,,,,,,,,
69,1,3,350,There are exactly three yellow hearts.,cross,heart,brown,green,pink,yellow,0,4,1,3,69701,69702,top,yes,brown,green,pink,yellow,1,2,rainen,hom,First,cross,heart,yellow,brown,green,pink,0,4,1,3
69,1,3,351,Fewer than three of the hearts are pink.,cross,heart,brown,pink,yellow,green,0,4,2,2,69703,5,bottom,yes,brown,green,pink,yellow,3,5,rainen,het,Second,better,,,,,,,,,
69,2,4,350,There are exactly three pink hearts and exactly one green heart.,cross,heart,yellow,brown,green,pink,0,4,1,3,69702,69701,bottom,no,brown,green,pink,yellow,2,1,rainen,het,First,cross,heart,brown,green,pink,yellow,0,4,1,3
69,2,4,351,Fewer than three of the crosses are yellow.,cross,heart,brown,pink,yellow,green,0,4,2,2,69703,5,top,no,brown,green,pink,yellow,3,5,rainen,hom,Second,better,,,,,,,,,
71,2,1,360,There are exactly three purple squares.,cross,square,turquoise,green,grey,purple,0,4,1,3,71722,71721,bottom,no,green,grey,purple,turquoise,2,1,rainen,het,First,cross,square,green,grey,purple,turquoise,0,4,1,3
71,2,1,361,Fewer than three of the crosses are turquoise.,cross,square,green,purple,turquoise,grey,0,4,2,2,71723,5,top,no,green,grey,purple,turquoise,3,5,rainen,hom,Second,better,,,,,,,,,
72,1,2,360,Exactly one square is grey and exactly three squares are purple.,cross,square,turquoise,green,grey,purple,0,4,1,3,71722,71721,top,yes,green,grey,purple,turquoise,2,1,rainen,hom,First,cross,square,green,grey,purple,turquoise,0,4,1,3
72,1,2,361,Fewer than three of the squares are turquoise.,cross,square,grey,turquoise,purple,green,2,2,4,0,71724,5,bottom,yes,green,grey,purple,turquoise,4,5,rainen,hom,Second,better,,,,,,,,,
72,2,3,360,There is exactly one purple square and exactly four grey crosses.,cross,square,green,grey,purple,turquoise,0,4,1,3,71721,71722,bottom,no,green,grey,purple,turquoise,1,2,rainen,het,First,cross,square,turquoise,green,grey,purple,0,4,1,3
72,2,3,361,Fewer than three of the crosses are purple.,cross,square,grey,turquoise,purple,green,2,2,4,0,71724,5,top,no,green,grey,purple,turquoise,4,5,rainen,het,Second,better,,,,,,,,,
71,1,4,360,There are exactly three turquoise squares.,cross,square,green,grey,purple,turquoise,0,4,1,3,71721,71722,top,yes,green,grey,purple,turquoise,1,2,rainen,hom,First,cross,square,turquoise,green,grey,purple,0,4,1,3
71,1,4,361,Fewer than three of the squares are purple.,cross,square,green,purple,turquoise,grey,0,4,2,2,71723,5,bottom,yes,green,grey,purple,turquoise,3,5,rainen,het,Second,better,,,,,,,,,
73,1,1,370,Exactly one heart is brown.,triangle,heart,blue,grey,brown,orange,0,4,1,3,73741,73742,top,yes,blue,grey,brown,orange,1,2,rainen,hom,First,triangle,heart,orange,blue,grey,brown,0,4,1,3
73,1,1,371,Fewer than three of the hearts are brown.,triangle,heart,blue,brown,orange,grey,0,4,2,2,73743,5,bottom,yes,blue,grey,brown,orange,3,5,rainen,het,Second,better,,,,,,,,,
73,2,2,370,Exactly three hearts are brown.,triangle,heart,orange,blue,grey,brown,0,4,1,3,73742,73741,bottom,no,blue,grey,brown,orange,2,1,rainen,het,First,triangle,heart,blue,grey,brown,orange,0,4,1,3
73,2,2,371,Fewer than three of the triangles are orange.,triangle,heart,blue,brown,orange,grey,0,4,2,2,73743,5,top,no,blue,grey,brown,orange,3,5,rainen,hom,Second,better,,,,,,,,,
74,1,3,370,There are exactly three brown hearts and exactly four blue triangles.,triangle,heart,orange,blue,grey,brown,0,4,1,3,73742,73741,top,yes,blue,grey,brown,orange,2,1,rainen,hom,First,triangle,heart,blue,grey,brown,orange,0,4,1,3
74,1,3,371,Fewer than three of the hearts are orange.,triangle,heart,grey,orange,brown,blue,2,2,4,0,73744,5,bottom,yes,blue,grey,brown,orange,4,5,rainen,hom,Second,better,,,,,,,,,
74,2,4,370,There is exactly one brown heart and exactly three orange hearts.,triangle,heart,blue,grey,brown,orange,0,4,1,3,73741,73742,bottom,no,blue,grey,brown,orange,1,2,rainen,het,First,triangle,heart,orange,blue,grey,brown,0,4,1,3
74,2,4,371,Fewer than three of the triangles are brown.,triangle,heart,grey,orange,brown,blue,2,2,4,0,73744,5,top,no,blue,grey,brown,orange,4,5,rainen,het,Second,better,,,,,,,,,
76,2,1,380,Exactly one square is blue and exactly three squares are orange.,triangle,square,black,purple,blue,orange,0,4,1,3,75761,75762,bottom,no,black,purple,blue,orange,1,2,rainen,het,First,triangle,square,orange,black,purple,blue,0,4,1,3
76,2,1,381,Fewer than three of the triangles are blue.,triangle,square,purple,orange,blue,black,2,2,4,0,75764,5,top,no,black,purple,blue,orange,4,5,rainen,het,Second,better,,,,,,,,,
75,1,2,380,Exactly one square is blue.,triangle,square,black,purple,blue,orange,0,4,1,3,75761,75762,top,yes,black,purple,blue,orange,1,2,rainen,hom,First,triangle,square,orange,black,purple,blue,0,4,1,3
75,1,2,381,Fewer than three of the squares are blue.,triangle,square,black,blue,orange,purple,0,4,2,2,75763,5,bottom,yes,black,purple,blue,orange,3,5,rainen,het,Second,better,,,,,,,,,
75,2,3,380,There are exactly four black triangles and exactly one purple square.,triangle,square,orange,black,purple,blue,0,4,1,3,75762,75761,bottom,no,black,purple,blue,orange,2,1,rainen,het,First,triangle,square,black,purple,blue,orange,0,4,1,3
75,2,3,381,Fewer than three of the triangles are orange.,triangle,square,black,blue,orange,purple,0,4,2,2,75763,5,top,no,black,purple,blue,orange,3,5,rainen,hom,Second,better,,,,,,,,,
76,1,4,380,There are exactly three blue squares.,triangle,square,orange,black,purple,blue,0,4,1,3,75762,75761,top,yes,black,purple,blue,orange,2,1,rainen,hom,First,triangle,square,black,purple,blue,orange,0,4,1,3
76,1,4,381,Fewer than three of the squares are orange.,triangle,square,purple,orange,blue,black,2,2,4,0,75764,5,bottom,yes,black,purple,blue,orange,4,5,rainen,hom,Second,better,,,,,,,,,
78,1,1,390,There is exactly one pink cross and exactly four green triangles.,triangle,cross,brown,green,pink,yellow,0,4,1,3,77782,77781,top,yes,green,pink,yellow,brown,2,1,rainen,hom,First,triangle,cross,green,pink,yellow,brown,0,4,1,3
78,1,1,391,Fewer than three of the crosses are brown.,triangle,cross,pink,brown,yellow,green,2,2,4,0,77784,5,bottom,yes,green,pink,yellow,brown,4,5,rainen,hom,Second,better,,,,,,,,,
78,2,2,390,There is exactly one yellow cross.,triangle,cross,green,pink,yellow,brown,0,4,1,3,77781,77782,bottom,no,green,pink,yellow,brown,1,2,rainen,het,First,triangle,cross,brown,green,pink,yellow,0,4,1,3
78,2,2,391,Fewer than three of the triangles are yellow.,triangle,cross,pink,brown,yellow,green,2,2,4,0,77784,5,top,no,green,pink,yellow,brown,4,5,rainen,het,Second,better,,,,,,,,,
77,1,3,390,Exactly one cross is yellow.,triangle,cross,green,pink,yellow,brown,0,4,1,3,77781,77782,top,yes,green,pink,yellow,brown,1,2,rainen,hom,First,triangle,cross,brown,green,pink,yellow,0,4,1,3
77,1,3,391,Fewer than three of the crosses are yellow.,triangle,cross,green,yellow,brown,pink,0,4,2,2,77783,5,bottom,yes,green,pink,yellow,brown,3,5,rainen,het,Second,better,,,,,,,,,
77,2,4,390,There are exactly four green triangles and exactly one pink cross.,triangle,cross,brown,green,pink,yellow,0,4,1,3,77782,77781,bottom,no,green,pink,yellow,brown,2,1,rainen,het,First,triangle,cross,green,pink,yellow,brown,0,4,1,3
77,2,4,391,Fewer than three of the triangles are brown.,triangle,cross,green,yellow,brown,pink,0,4,2,2,77783,5,top,no,green,pink,yellow,brown,3,5,rainen,hom,Second,better,,,,,,,,,
79,2,1,400,There is exactly one purple triangle and exactly three turquoise triangles.,heart,triangle,green,grey,purple,turquoise,0,4,1,3,79802,79801,bottom,no,grey,purple,turquoise,green,2,1,rainen,het,First,heart,triangle,grey,purple,turquoise,green,0,4,1,3
79,2,1,401,Fewer than three of the hearts are green.,heart,triangle,grey,turquoise,green,purple,0,4,2,2,79803,5,top,no,grey,purple,turquoise,green,3,5,rainen,hom,Second,better,,,,,,,,,
80,1,2,400,There are exactly three turquoise triangles.,heart,triangle,green,grey,purple,turquoise,0,4,1,3,79802,79801,top,yes,grey,purple,turquoise,green,2,1,rainen,hom,First,heart,triangle,grey,purple,turquoise,green,0,4,1,3
80,1,2,401,Fewer than three of the triangles are green.,heart,triangle,purple,green,turquoise,grey,2,2,4,0,79804,5,bottom,yes,grey,purple,turquoise,green,4,5,rainen,hom,Second,better,,,,,,,,,
80,2,3,400,Exactly one triangle is turquoise.,heart,triangle,grey,purple,turquoise,green,0,4,1,3,79801,79802,bottom,no,grey,purple,turquoise,green,1,2,rainen,het,First,heart,triangle,green,grey,purple,turquoise,0,4,1,3
80,2,3,401,Fewer than three of the hearts are turquoise.,heart,triangle,purple,green,turquoise,grey,2,2,4,0,79804,5,top,no,grey,purple,turquoise,green,4,5,rainen,het,Second,better,,,,,,,,,
79,1,4,400,There are exactly three green triangles.,heart,triangle,grey,purple,turquoise,green,0,4,1,3,79801,79802,top,yes,grey,purple,turquoise,green,1,2,rainen,hom,First,heart,triangle,green,grey,purple,turquoise,0,4,1,3
79,1,4,401,Fewer than three of the triangles are turquoise.,heart,triangle,grey,turquoise,green,purple,0,4,2,2,79803,5,bottom,yes,grey,purple,turquoise,green,3,5,rainen,het,Second,better,,,,,,,,,
81,1,1,410,Exactly four hearts are brown and exactly three squares are blue.,heart,square,grey,brown,orange,blue,0,4,1,3,81821,81822,top,yes,grey,brown,orange,blue,1,2,rainen,hom,First,heart,square,blue,grey,brown,orange,0,4,1,3
81,1,1,411,Fewer than three of the squares are orange.,heart,square,grey,orange,blue,brown,0,4,2,2,81823,5,bottom,yes,grey,brown,orange,blue,3,5,rainen,het,Second,better,,,,,,,,,
81,2,2,410,Exactly one square is brown.,heart,square,blue,grey,brown,orange,0,4,1,3,81822,81821,bottom,no,grey,brown,orange,blue,2,1,rainen,het,First,heart,square,grey,brown,orange,blue,0,4,1,3
81,2,2,411,Fewer than three of the hearts are blue.,heart,square,grey,orange,blue,brown,0,4,2,2,81823,5,top,no,grey,brown,orange,blue,3,5,rainen,hom,Second,better,,,,,,,,,
82,1,3,410,There are exactly four grey hearts and exactly three orange squares.,heart,square,blue,grey,brown,orange,0,4,1,3,81822,81821,top,yes,grey,brown,orange,blue,2,1,rainen,hom,First,heart,square,grey,brown,orange,blue,0,4,1,3
82,1,3,411,Fewer than three of the squares are blue.,heart,square,brown,blue,orange,grey,2,2,4,0,81824,5,bottom,yes,grey,brown,orange,blue,4,5,rainen,hom,Second,better,,,,,,,,,
82,2,4,410,Exactly one square is orange.,heart,square,grey,brown,orange,blue,0,4,1,3,81821,81822,bottom,no,grey,brown,orange,blue,1,2,rainen,het,First,heart,square,blue,grey,brown,orange,0,4,1,3
82,2,4,411,Fewer than three of the hearts are orange.,heart,square,brown,blue,orange,grey,2,2,4,0,81824,5,top,no,grey,brown,orange,blue,4,5,rainen,het,Second,better,,,,,,,,,
84,2,1,420,Exactly four hearts are blue and exactly three crosses are black.,heart,cross,purple,blue,orange,black,0,4,1,3,83841,83842,bottom,no,purple,blue,orange,black,1,2,rainen,het,First,heart,cross,black,purple,blue,orange,0,4,1,3
84,2,1,421,Fewer than three of the hearts are orange.,heart,cross,blue,black,orange,purple,2,2,4,0,83844,5,top,no,purple,blue,orange,black,4,5,rainen,het,Second,better,,,,,,,,,
83,1,2,420,There are exactly three black crosses.,heart,cross,purple,blue,orange,black,0,4,1,3,83841,83842,top,yes,purple,blue,orange,black,1,2,rainen,hom,First,heart,cross,black,purple,blue,orange,0,4,1,3
83,1,2,421,Fewer than three of the crosses are orange.,heart,cross,purple,orange,black,blue,0,4,2,2,83843,5,bottom,yes,purple,blue,orange,black,3,5,rainen,het,Second,better,,,,,,,,,
83,2,3,420,There are exactly three orange crosses and exactly one blue cross.,heart,cross,black,purple,blue,orange,0,4,1,3,83842,83841,bottom,no,purple,blue,orange,black,2,1,rainen,het,First,heart,cross,purple,blue,orange,black,0,4,1,3
83,2,3,421,Fewer than three of the hearts are black.,heart,cross,purple,orange,black,blue,0,4,2,2,83843,5,top,no,purple,blue,orange,black,3,5,rainen,hom,Second,better,,,,,,,,,
84,1,4,420,There are exactly four purple hearts and exactly three orange crosses.,heart,cross,black,purple,blue,orange,0,4,1,3,83842,83841,top,yes,purple,blue,orange,black,2,1,rainen,hom,First,heart,cross,purple,blue,orange,black,0,4,1,3
84,1,4,421,Fewer than three of the crosses are black.,heart,cross,blue,black,orange,purple,2,2,4,0,83844,5,bottom,yes,purple,blue,orange,black,4,5,rainen,hom,Second,better,,,,,,,,,
86,1,1,430,There are exactly three brown triangles.,square,triangle,green,pink,yellow,brown,0,4,1,3,85862,85861,top,yes,pink,yellow,brown,green,2,1,rainen,hom,First,square,triangle,pink,yellow,brown,green,0,4,1,3
86,1,1,431,Fewer than three of the triangles are green.,square,triangle,yellow,green,brown,pink,2,2,4,0,85864,5,bottom,yes,pink,yellow,brown,green,4,5,rainen,hom,Second,better,,,,,,,,,
86,2,2,430,Exactly one triangle is brown and exactly four squares are yellow.,square,triangle,pink,yellow,brown,green,0,4,1,3,85861,85862,bottom,no,pink,yellow,brown,green,1,2,rainen,het,First,square,triangle,green,pink,yellow,brown,0,4,1,3
86,2,2,431,Fewer than three of the squares are brown.,square,triangle,yellow,green,brown,pink,2,2,4,0,85864,5,top,no,pink,yellow,brown,green,4,5,rainen,het,Second,better,,,,,,,,,
85,1,3,430,There is exactly one brown triangle and exactly three green triangles.,square,triangle,pink,yellow,brown,green,0,4,1,3,85861,85862,top,yes,pink,yellow,brown,green,1,2,rainen,hom,First,square,triangle,green,pink,yellow,brown,0,4,1,3
85,1,3,431,Fewer than three of the triangles are brown.,square,triangle,pink,brown,green,yellow,0,4,2,2,85863,5,bottom,yes,pink,yellow,brown,green,3,5,rainen,het,Second,better,,,,,,,,,
85,2,4,430,Exactly one triangle is yellow and exactly three triangles are brown.,square,triangle,green,pink,yellow,brown,0,4,1,3,85862,85861,bottom,no,pink,yellow,brown,green,2,1,rainen,het,First,square,triangle,pink,yellow,brown,green,0,4,1,3
85,2,4,431,Fewer than three of the squares are green.,square,triangle,pink,brown,green,yellow,0,4,2,2,85863,5,top,no,pink,yellow,brown,green,3,5,rainen,hom,Second,better,,,,,,,,,
87,2,1,440,There are exactly three green hearts and exactly one turquoise heart.,square,heart,grey,purple,turquoise,green,0,4,1,3,87882,87881,bottom,no,purple,turquoise,green,grey,2,1,rainen,het,First,square,heart,purple,turquoise,green,grey,0,4,1,3
87,2,1,441,Fewer than three of the squares are grey.,square,heart,purple,green,grey,turquoise,0,4,2,2,87883,5,top,no,purple,turquoise,green,grey,3,5,rainen,hom,Second,better,,,,,,,,,
88,1,2,440,There are exactly four purple squares.,square,heart,grey,purple,turquoise,green,0,4,1,3,87882,87881,top,yes,purple,turquoise,green,grey,2,1,rainen,hom,First,square,heart,purple,turquoise,green,grey,0,4,1,3
88,1,2,441,Fewer than three of the hearts are grey.,square,heart,turquoise,grey,green,purple,2,2,4,0,87884,5,bottom,yes,purple,turquoise,green,grey,4,5,rainen,hom,Second,better,,,,,,,,,
88,2,3,440,Exactly one heart is green.,square,heart,purple,turquoise,green,grey,0,4,1,3,87881,87882,bottom,no,purple,turquoise,green,grey,1,2,rainen,het,First,square,heart,grey,purple,turquoise,green,0,4,1,3
88,2,3,441,Fewer than three of the squares are green.,square,heart,turquoise,grey,green,purple,2,2,4,0,87884,5,top,no,purple,turquoise,green,grey,4,5,rainen,het,Second,better,,,,,,,,,
87,1,4,440,There are exactly four turquoise squares.,square,heart,purple,turquoise,green,grey,0,4,1,3,87881,87882,top,yes,purple,turquoise,green,grey,1,2,rainen,hom,First,square,heart,grey,purple,turquoise,green,0,4,1,3
87,1,4,441,Fewer than three of the hearts are green.,square,heart,purple,green,grey,turquoise,0,4,2,2,87883,5,bottom,yes,purple,turquoise,green,grey,3,5,rainen,het,Second,better,,,,,,,,,
89,1,1,450,Exactly three crosses are grey and exactly one cross is blue.,square,cross,brown,orange,blue,grey,0,4,1,3,89901,89902,top,yes,brown,orange,blue,grey,1,2,rainen,hom,First,square,cross,grey,brown,orange,blue,0,4,1,3
89,1,1,451,Fewer than three of the crosses are blue.,square,cross,brown,blue,grey,orange,0,4,2,2,89903,5,bottom,yes,brown,orange,blue,grey,3,5,rainen,het,Second,better,,,,,,,,,
89,2,2,450,There are exactly three blue crosses and exactly four brown squares.,square,cross,grey,brown,orange,blue,0,4,1,3,89902,89901,bottom,no,brown,orange,blue,grey,2,1,rainen,het,First,square,cross,brown,orange,blue,grey,0,4,1,3
89,2,2,451,Fewer than three of the squares are grey.,square,cross,brown,blue,grey,orange,0,4,2,2,89903,5,top,no,brown,orange,blue,grey,3,5,rainen,hom,Second,better,,,,,,,,,
90,1,3,450,Exactly three crosses are blue.,square,cross,grey,brown,orange,blue,0,4,1,3,89902,89901,top,yes,brown,orange,blue,grey,2,1,rainen,hom,First,square,cross,brown,orange,blue,grey,0,4,1,3
90,1,3,451,Fewer than three of the crosses are grey.,square,cross,orange,grey,blue,brown,2,2,4,0,89904,5,bottom,yes,brown,orange,blue,grey,4,5,rainen,hom,Second,better,,,,,,,,,
90,2,4,450,There are exactly three grey crosses and exactly one blue cross.,square,cross,brown,orange,blue,grey,0,4,1,3,89901,89902,bottom,no,brown,orange,blue,grey,1,2,rainen,het,First,square,cross,grey,brown,orange,blue,0,4,1,3
90,2,4,451,Fewer than three of the squares are blue.,square,cross,orange,grey,blue,brown,2,2,4,0,89904,5,top,no,brown,orange,blue,grey,4,5,rainen,het,Second,better,,,,,,,,,
92,2,1,460,Exactly one triangle is black.,cross,triangle,blue,orange,black,purple,0,4,1,3,91921,91922,bottom,no,blue,orange,black,purple,1,2,rainen,het,First,cross,triangle,purple,blue,orange,black,0,4,1,3
92,2,1,461,Fewer than three of the crosses are black.,cross,triangle,orange,purple,black,blue,2,2,4,0,91924,5,top,no,blue,orange,black,purple,4,5,rainen,het,Second,better,,,,,,,,,
91,1,2,460,There is exactly one black triangle and exactly three purple triangles.,cross,triangle,blue,orange,black,purple,0,4,1,3,91921,91922,top,yes,blue,orange,black,purple,1,2,rainen,hom,First,cross,triangle,purple,blue,orange,black,0,4,1,3
91,1,2,461,Fewer than three of the triangles are black.,cross,triangle,blue,black,purple,orange,0,4,2,2,91923,5,bottom,yes,blue,orange,black,purple,3,5,rainen,het,Second,better,,,,,,,,,
91,2,3,460,There are exactly four blue crosses and exactly one orange triangle.,cross,triangle,purple,blue,orange,black,0,4,1,3,91922,91921,bottom,no,blue,orange,black,purple,2,1,rainen,het,First,cross,triangle,blue,orange,black,purple,0,4,1,3
91,2,3,461,Fewer than three of the crosses are purple.,cross,triangle,blue,black,purple,orange,0,4,2,2,91923,5,top,no,blue,orange,black,purple,3,5,rainen,hom,Second,better,,,,,,,,,
92,1,4,460,Exactly one triangle is orange.,cross,triangle,purple,blue,orange,black,0,4,1,3,91922,91921,top,yes,blue,orange,black,purple,2,1,rainen,hom,First,cross,triangle,blue,orange,black,purple,0,4,1,3
92,1,4,461,Fewer than three of the triangles are purple.,cross,triangle,orange,purple,black,blue,2,2,4,0,91924,5,bottom,yes,blue,orange,black,purple,4,5,rainen,hom,Second,better,,,,,,,,,
94,1,1,470,Exactly three hearts are green.,cross,heart,pink,yellow,brown,green,0,4,1,3,93942,93941,top,yes,yellow,brown,green,pink,2,1,rainen,hom,First,cross,heart,yellow,brown,green,pink,0,4,1,3
94,1,1,471,Fewer than three of the hearts are pink.,cross,heart,brown,pink,green,yellow,2,2,4,0,93944,5,bottom,yes,yellow,brown,green,pink,4,5,rainen,hom,Second,better,,,,,,,,,
94,2,2,470,Exactly four crosses are brown.,cross,heart,yellow,brown,green,pink,0,4,1,3,93941,93942,bottom,no,yellow,brown,green,pink,1,2,rainen,het,First,cross,heart,pink,yellow,brown,green,0,4,1,3
94,2,2,471,Fewer than three of the crosses are green.,cross,heart,brown,pink,green,yellow,2,2,4,0,93944,5,top,no,yellow,brown,green,pink,4,5,rainen,het,Second,better,,,,,,,,,
93,1,3,470,There are exactly four brown crosses.,cross,heart,yellow,brown,green,pink,0,4,1,3,93941,93942,top,yes,yellow,brown,green,pink,1,2,rainen,hom,First,cross,heart,pink,yellow,brown,green,0,4,1,3
93,1,3,471,Fewer than three of the hearts are green.,cross,heart,yellow,green,pink,brown,0,4,2,2,93943,5,bottom,yes,yellow,brown,green,pink,3,5,rainen,het,Second,better,,,,,,,,,
93,2,4,470,There are exactly four yellow crosses and exactly one brown heart.,cross,heart,pink,yellow,brown,green,0,4,1,3,93942,93941,bottom,no,yellow,brown,green,pink,2,1,rainen,het,First,cross,heart,yellow,brown,green,pink,0,4,1,3
93,2,4,471,Fewer than three of the crosses are pink.,cross,heart,yellow,green,pink,brown,0,4,2,2,93943,5,top,no,yellow,brown,green,pink,3,5,rainen,hom,Second,better,,,,,,,,,
95,2,1,480,There is exactly one green square.,cross,square,purple,turquoise,green,grey,0,4,1,3,95962,95961,bottom,no,turquoise,green,grey,purple,2,1,rainen,het,First,cross,square,turquoise,green,grey,purple,0,4,1,3
95,2,1,481,Fewer than three of the crosses are purple.,cross,square,turquoise,grey,purple,green,0,4,2,2,95963,5,top,no,turquoise,green,grey,purple,3,5,rainen,hom,Second,better,,,,,,,,,
96,1,2,480,There is exactly one green square and exactly three grey squares.,cross,square,purple,turquoise,green,grey,0,4,1,3,95962,95961,top,yes,turquoise,green,grey,purple,2,1,rainen,hom,First,cross,square,turquoise,green,grey,purple,0,4,1,3
96,1,2,481,Fewer than three of the squares are purple.,cross,square,green,purple,grey,turquoise,2,2,4,0,95964,5,bottom,yes,turquoise,green,grey,purple,4,5,rainen,hom,Second,better,,,,,,,,,
96,2,3,480,Exactly one square is grey and exactly three squares are purple.,cross,square,turquoise,green,grey,purple,0,4,1,3,95961,95962,bottom,no,turquoise,green,grey,purple,1,2,rainen,het,First,cross,square,purple,turquoise,green,grey,0,4,1,3
96,2,3,481,Fewer than three of the crosses are grey.,cross,square,green,purple,grey,turquoise,2,2,4,0,95964,5,top,no,turquoise,green,grey,purple,4,5,rainen,het,Second,better,,,,,,,,,
95,1,4,480,Exactly one square is grey.,cross,square,turquoise,green,grey,purple,0,4,1,3,95961,95962,top,yes,turquoise,green,grey,purple,1,2,rainen,hom,First,cross,square,purple,turquoise,green,grey,0,4,1,3
95,1,4,481,Fewer than three of the squares are grey.,cross,square,turquoise,grey,purple,green,0,4,2,2,95963,5,bottom,yes,turquoise,green,grey,purple,3,5,rainen,het,Second,better,,,,,,,,,
