item,condition,list,position_in_list,sentence,shape_top_1,shape_bottom_1,colour1_top_1,colour2_top_1,colour1_bottom_1,colour2_bottom_1,n_colour1_top_1,n_colour2_top_1,n_colour1_bottom_1,n_colour2_bottom_1,first_picture_label,second_picture_label,position_mentioned_object,zero,color1,color2,color3,color4,picture_type_A,picture_type_B,shape_top_2,shape_bottom_2,colour1_top_2,colour2_top_2,colour1_bottom_2,colour2_bottom_2,n_colour1_top_2,n_colour2_top_2,n_colour1_bottom_2,n_colour2_bottom_2,correct_card
1,1,1,10,Each of the triangles is brown or blue.,triangle,heart,orange,blue,grey,brown,0,4,1,3,121,122,top,yes,orange,blue,grey,brown,1,2,triangle,heart,brown,orange,blue,grey,0,4,3,1,First
1,1,1,11,Fewer than three  of the hearts are grey.,triangle,heart,orange,grey,brown,blue,0,4,2,2,123,5,bottom,yes,orange,blue,grey,brown,3,5,better,,,,,,,,,,First
1,2,2,10,Each of the hearts is blue or grey.,triangle,heart,brown,orange,blue,grey,0,4,3,1,122,121,bottom,no,orange,blue,grey,brown,2,1,triangle,heart,orange,blue,grey,brown,0,4,1,3,First
1,2,2,11,Fewer than three  of the triangles are brown.,triangle,heart,orange,grey,brown,blue,0,4,2,2,123,5,top,no,orange,blue,grey,brown,3,5,better,,,,,,,,,,First
2,1,3,10,Each of the triangles is grey or orange.,triangle,heart,brown,orange,blue,grey,0,4,3,1,122,121,top,yes,orange,blue,grey,brown,2,1,triangle,heart,orange,blue,grey,brown,0,4,1,3,First
2,1,3,11,Fewer than three  of the hearts are brown.,triangle,heart,blue,brown,grey,orange,2,2,4,0,124,5,bottom,yes,orange,blue,grey,brown,4,5,better,,,,,,,,,,First
2,2,4,10,Each of the hearts is grey or brown.,triangle,heart,orange,blue,grey,brown,0,4,1,3,121,122,bottom,no,orange,blue,grey,brown,1,2,triangle,heart,brown,orange,blue,grey,0,4,3,1,First
2,2,4,11,Fewer than three  of the triangles are grey.,triangle,heart,blue,brown,grey,orange,2,2,4,0,124,5,top,no,orange,blue,grey,brown,4,5,better,,,,,,,,,,First
3,1,2,20,Each of the triangles is blue or black.,triangle,square,orange,black,purple,blue,0,4,1,3,341,342,top,yes,orange,black,purple,blue,1,2,triangle,square,blue,orange,black,purple,0,4,3,1,First
3,1,2,21,Fewer than three  of the squares are purple.,triangle,square,orange,purple,blue,black,0,4,2,2,343,5,bottom,yes,orange,black,purple,blue,3,5,better,,,,,,,,,,First
3,2,3,20,Each of the squares is black or purple.,triangle,square,blue,orange,black,purple,0,4,3,1,342,341,bottom,no,orange,black,purple,blue,2,1,triangle,square,orange,black,purple,blue,0,4,1,3,First
3,2,3,21,Fewer than three  of the triangles are blue.,triangle,square,orange,purple,blue,black,0,4,2,2,343,5,top,no,orange,black,purple,blue,3,5,better,,,,,,,,,,First
4,1,4,20,Each of the triangles is purple or orange.,triangle,square,blue,orange,black,purple,0,4,3,1,342,341,top,yes,orange,black,purple,blue,2,1,triangle,square,orange,black,purple,blue,0,4,1,3,First
4,1,4,21,Fewer than three  of the squares are blue.,triangle,square,black,blue,purple,orange,2,2,4,0,344,5,bottom,yes,orange,black,purple,blue,4,5,better,,,,,,,,,,First
4,2,1,20,Each of the squares is purple or blue.,triangle,square,orange,black,purple,blue,0,4,1,3,341,342,bottom,no,orange,black,purple,blue,1,2,triangle,square,blue,orange,black,purple,0,4,3,1,First
4,2,1,21,Fewer than three  of the triangles are purple.,triangle,square,black,blue,purple,orange,2,2,4,0,344,5,top,no,orange,black,purple,blue,4,5,better,,,,,,,,,,First
5,1,3,30,Each of the triangles is yellow or green.,triangle,cross,brown,green,pink,yellow,0,4,1,3,561,562,top,yes,brown,green,pink,yellow,1,2,triangle,cross,yellow,brown,green,pink,0,4,3,1,First
5,1,3,31,Fewer than three  of the crosses are pink.,triangle,cross,brown,pink,yellow,green,0,4,2,2,563,5,bottom,yes,brown,green,pink,yellow,3,5,better,,,,,,,,,,First
5,2,4,30,Each of the crosses is green or pink.,triangle,cross,yellow,brown,green,pink,0,4,3,1,562,561,bottom,no,brown,green,pink,yellow,2,1,triangle,cross,brown,green,pink,yellow,0,4,1,3,First
5,2,4,31,Fewer than three  of the triangles are yellow.,triangle,cross,brown,pink,yellow,green,0,4,2,2,563,5,top,no,brown,green,pink,yellow,3,5,better,,,,,,,,,,First
6,1,1,30,Each of the triangles is pink or brown.,triangle,cross,yellow,brown,green,pink,0,4,3,1,562,561,top,yes,brown,green,pink,yellow,2,1,triangle,cross,brown,green,pink,yellow,0,4,1,3,First
6,1,1,31,Fewer than three  of the crosses are yellow.,triangle,cross,green,yellow,pink,brown,2,2,4,0,564,5,bottom,yes,brown,green,pink,yellow,4,5,better,,,,,,,,,,First
6,2,2,30,Each of the crosses is pink or yellow.,triangle,cross,brown,green,pink,yellow,0,4,1,3,561,562,bottom,no,brown,green,pink,yellow,1,2,triangle,cross,yellow,brown,green,pink,0,4,3,1,First
6,2,2,31,Fewer than three  of the triangles are pink.,triangle,cross,green,yellow,pink,brown,2,2,4,0,564,5,top,no,brown,green,pink,yellow,4,5,better,,,,,,,,,,First
7,1,4,40,Each of the hearts is turquoise or grey.,heart,triangle,green,grey,purple,turquoise,0,4,1,3,781,782,top,yes,green,grey,purple,turquoise,1,2,heart,triangle,turquoise,green,grey,purple,0,4,3,1,First
7,1,4,41,Fewer than three  of the triangles are purple.,heart,triangle,green,purple,turquoise,grey,0,4,2,2,783,5,bottom,yes,green,grey,purple,turquoise,3,5,better,,,,,,,,,,First
7,2,1,40,Each of the triangles is grey or purple.,heart,triangle,turquoise,green,grey,purple,0,4,3,1,782,781,bottom,no,green,grey,purple,turquoise,2,1,heart,triangle,green,grey,purple,turquoise,0,4,1,3,First
7,2,1,41,Fewer than three  of the hearts are turquoise.,heart,triangle,green,purple,turquoise,grey,0,4,2,2,783,5,top,no,green,grey,purple,turquoise,3,5,better,,,,,,,,,,First
8,1,2,40,Each of the hearts is purple or green.,heart,triangle,turquoise,green,grey,purple,0,4,3,1,782,781,top,yes,green,grey,purple,turquoise,2,1,heart,triangle,green,grey,purple,turquoise,0,4,1,3,First
8,1,2,41,Fewer than three  of the triangles are turquoise.,heart,triangle,grey,turquoise,purple,green,2,2,4,0,784,5,bottom,yes,green,grey,purple,turquoise,4,5,better,,,,,,,,,,First
8,2,3,40,Each of the triangles is purple or turquoise.,heart,triangle,green,grey,purple,turquoise,0,4,1,3,781,782,bottom,no,green,grey,purple,turquoise,1,2,heart,triangle,turquoise,green,grey,purple,0,4,3,1,First
8,2,3,41,Fewer than three  of the hearts are purple.,heart,triangle,grey,turquoise,purple,green,2,2,4,0,784,5,top,no,green,grey,purple,turquoise,4,5,better,,,,,,,,,,First
9,1,1,50,Each of the hearts is orange or grey.,heart,square,blue,grey,brown,orange,0,4,1,3,9101,9102,top,yes,blue,grey,brown,orange,1,2,heart,square,orange,blue,grey,brown,0,4,3,1,First
9,1,1,51,Fewer than three  of the squares are brown.,heart,square,blue,brown,orange,grey,0,4,2,2,9103,5,bottom,yes,blue,grey,brown,orange,3,5,better,,,,,,,,,,First
9,2,2,50,Each of the squares is grey or brown.,heart,square,orange,blue,grey,brown,0,4,3,1,9102,9101,bottom,no,blue,grey,brown,orange,2,1,heart,square,blue,grey,brown,orange,0,4,1,3,First
9,2,2,51,Fewer than three  of the hearts are orange.,heart,square,blue,brown,orange,grey,0,4,2,2,9103,5,top,no,blue,grey,brown,orange,3,5,better,,,,,,,,,,First
10,1,3,50,Each of the hearts is brown or blue.,heart,square,orange,blue,grey,brown,0,4,3,1,9102,9101,top,yes,blue,grey,brown,orange,2,1,heart,square,blue,grey,brown,orange,0,4,1,3,First
10,1,3,51,Fewer than three  of the squares are orange.,heart,square,grey,orange,brown,blue,2,2,4,0,9104,5,bottom,yes,blue,grey,brown,orange,4,5,better,,,,,,,,,,First
10,2,4,50,Each of the squares is brown or orange.,heart,square,blue,grey,brown,orange,0,4,1,3,9101,9102,bottom,no,blue,grey,brown,orange,1,2,heart,square,orange,blue,grey,brown,0,4,3,1,First
10,2,4,51,Fewer than three  of the hearts are brown.,heart,square,grey,orange,brown,blue,2,2,4,0,9104,5,top,no,blue,grey,brown,orange,4,5,better,,,,,,,,,,First
11,1,2,60,Each of the hearts is orange or purple.,heart,cross,black,purple,blue,orange,0,4,1,3,11121,11122,top,yes,black,purple,blue,orange,1,2,heart,cross,orange,black,purple,blue,0,4,3,1,First
11,1,2,61,Fewer than three  of the crosses are blue.,heart,cross,black,blue,orange,purple,0,4,2,2,11123,5,bottom,yes,black,purple,blue,orange,3,5,better,,,,,,,,,,First
11,2,3,60,Each of the crosses is purple or blue.,heart,cross,orange,black,purple,blue,0,4,3,1,11122,11121,bottom,no,black,purple,blue,orange,2,1,heart,cross,black,purple,blue,orange,0,4,1,3,First
11,2,3,61,Fewer than three  of the hearts are orange.,heart,cross,black,blue,orange,purple,0,4,2,2,11123,5,top,no,black,purple,blue,orange,3,5,better,,,,,,,,,,First
12,1,4,60,Each of the hearts is blue or black.,heart,cross,orange,black,purple,blue,0,4,3,1,11122,11121,top,yes,black,purple,blue,orange,2,1,heart,cross,black,purple,blue,orange,0,4,1,3,First
12,1,4,61,Fewer than three  of the crosses are orange.,heart,cross,purple,orange,blue,black,2,2,4,0,11124,5,bottom,yes,black,purple,blue,orange,4,5,better,,,,,,,,,,First
12,2,1,60,Each of the crosses is blue or orange.,heart,cross,black,purple,blue,orange,0,4,1,3,11121,11122,bottom,no,black,purple,blue,orange,1,2,heart,cross,orange,black,purple,blue,0,4,3,1,First
12,2,1,61,Fewer than three  of the hearts are blue.,heart,cross,purple,orange,blue,black,2,2,4,0,11124,5,top,no,black,purple,blue,orange,4,5,better,,,,,,,,,,First
13,1,3,70,Each of the squares is brown or pink.,square,triangle,green,pink,yellow,brown,0,4,1,3,13141,13142,top,yes,green,pink,yellow,brown,1,2,square,triangle,brown,green,pink,yellow,0,4,3,1,First
13,1,3,71,Fewer than three  of the triangles are yellow.,square,triangle,green,yellow,brown,pink,0,4,2,2,13143,5,bottom,yes,green,pink,yellow,brown,3,5,better,,,,,,,,,,First
13,2,4,70,Each of the triangles is pink or yellow.,square,triangle,brown,green,pink,yellow,0,4,3,1,13142,13141,bottom,no,green,pink,yellow,brown,2,1,square,triangle,green,pink,yellow,brown,0,4,1,3,First
13,2,4,71,Fewer than three  of the squares are brown.,square,triangle,green,yellow,brown,pink,0,4,2,2,13143,5,top,no,green,pink,yellow,brown,3,5,better,,,,,,,,,,First
14,1,1,70,Each of the squares is yellow or green.,square,triangle,brown,green,pink,yellow,0,4,3,1,13142,13141,top,yes,green,pink,yellow,brown,2,1,square,triangle,green,pink,yellow,brown,0,4,1,3,First
14,1,1,71,Fewer than three  of the triangles are brown.,square,triangle,pink,brown,yellow,green,2,2,4,0,13144,5,bottom,yes,green,pink,yellow,brown,4,5,better,,,,,,,,,,First
14,2,2,70,Each of the triangles is yellow or brown.,square,triangle,green,pink,yellow,brown,0,4,1,3,13141,13142,bottom,no,green,pink,yellow,brown,1,2,square,triangle,brown,green,pink,yellow,0,4,3,1,First
14,2,2,71,Fewer than three  of the squares are yellow.,square,triangle,pink,brown,yellow,green,2,2,4,0,13144,5,top,no,green,pink,yellow,brown,4,5,better,,,,,,,,,,First
15,1,4,80,Each of the squares is green or purple.,square,heart,grey,purple,turquoise,green,0,4,1,3,15161,15162,top,yes,grey,purple,turquoise,green,1,2,square,heart,green,grey,purple,turquoise,0,4,3,1,First
15,1,4,81,Fewer than three  of the hearts are turquoise.,square,heart,grey,turquoise,green,purple,0,4,2,2,15163,5,bottom,yes,grey,purple,turquoise,green,3,5,better,,,,,,,,,,First
15,2,1,80,Each of the hearts is purple or turquoise.,square,heart,green,grey,purple,turquoise,0,4,3,1,15162,15161,bottom,no,grey,purple,turquoise,green,2,1,square,heart,grey,purple,turquoise,green,0,4,1,3
15,2,1,81,Fewer than three  of the squares are green.,square,heart,grey,turquoise,green,purple,0,4,2,2,15163,5,top,no,grey,purple,turquoise,green,3,5,better,,,,,,,,,,First
16,1,2,80,Each of the squares is turquoise or grey.,square,heart,green,grey,purple,turquoise,0,4,3,1,15162,15161,top,yes,grey,purple,turquoise,green,2,1,square,heart,grey,purple,turquoise,green,0,4,1,3
16,1,2,81,Fewer than three  of the hearts are green.,square,heart,purple,green,turquoise,grey,2,2,4,0,15164,5,bottom,yes,grey,purple,turquoise,green,4,5,better,,,,,,,,,,First
16,2,3,80,Each of the hearts is turquoise or green.,square,heart,grey,purple,turquoise,green,0,4,1,3,15161,15162,bottom,no,grey,purple,turquoise,green,1,2,square,heart,green,grey,purple,turquoise,0,4,3,1,First
16,2,3,81,Fewer than three  of the squares are turquoise.,square,heart,purple,green,turquoise,grey,2,2,4,0,15164,5,top,no,grey,purple,turquoise,green,4,5,better,,,,,,,,,,First
17,1,1,90,Each of the squares is blue or brown.,square,cross,grey,brown,orange,blue,0,4,1,3,17181,17182,top,yes,grey,brown,orange,blue,1,2,square,cross,blue,grey,brown,orange,0,4,3,1,First
17,1,1,91,Fewer than three  of the crosses are orange.,square,cross,grey,orange,blue,brown,0,4,2,2,17183,5,bottom,yes,grey,brown,orange,blue,3,5,better,,,,,,,,,,First
17,2,2,90,Each of the crosses is brown or orange.,square,cross,blue,grey,brown,orange,0,4,3,1,17182,17181,bottom,no,grey,brown,orange,blue,2,1,square,cross,grey,brown,orange,blue,0,4,1,3,First
17,2,2,91,Fewer than three  of the squares are blue.,square,cross,grey,orange,blue,brown,0,4,2,2,17183,5,top,no,grey,brown,orange,blue,3,5,better,,,,,,,,,,First
18,1,3,90,Each of the squares is orange or grey.,square,cross,blue,grey,brown,orange,0,4,3,1,17182,17181,top,yes,grey,brown,orange,blue,2,1,square,cross,grey,brown,orange,blue,0,4,1,3,First
18,1,3,91,Fewer than three  of the crosses are blue.,square,cross,brown,blue,orange,grey,2,2,4,0,17184,5,bottom,yes,grey,brown,orange,blue,4,5,better,,,,,,,,,,First
18,2,4,90,Each of the crosses is orange or blue.,square,cross,grey,brown,orange,blue,0,4,1,3,17181,17182,bottom,no,grey,brown,orange,blue,1,2,square,cross,blue,grey,brown,orange,0,4,3,1,First
18,2,4,91,Fewer than three  of the squares are orange.,square,cross,brown,blue,orange,grey,2,2,4,0,17184,5,top,no,grey,brown,orange,blue,4,5,better,,,,,,,,,,First
19,1,2,100,Each of the crosses is black or blue.,cross,triangle,purple,blue,orange,black,0,4,1,3,19201,19202,top,yes,purple,blue,orange,black,1,2,cross,triangle,black,purple,blue,orange,0,4,3,1,First
19,1,2,101,Fewer than three  of the triangles are orange.,cross,triangle,purple,orange,black,blue,0,4,2,2,19203,5,bottom,yes,purple,blue,orange,black,3,5,better,,,,,,,,,,First
19,2,3,100,Each of the triangles is blue or orange.,cross,triangle,black,purple,blue,orange,0,4,3,1,19202,19201,bottom,no,purple,blue,orange,black,2,1,cross,triangle,purple,blue,orange,black,0,4,1,3
19,2,3,101,Fewer than three  of the crosses are black.,cross,triangle,purple,orange,black,blue,0,4,2,2,19203,5,top,no,purple,blue,orange,black,3,5,better,,,,,,,,,,First
20,1,4,100,Each of the crosses is orange or purple.,cross,triangle,black,purple,blue,orange,0,4,3,1,19202,19201,top,yes,purple,blue,orange,black,2,1,cross,triangle,purple,blue,orange,black,0,4,1,3
20,1,4,101,Fewer than three  of the triangles are black.,cross,triangle,blue,black,orange,purple,2,2,4,0,19204,5,bottom,yes,purple,blue,orange,black,4,5,better,,,,,,,,,,First
20,2,1,100,Each of the triangles is orange or black.,cross,triangle,purple,blue,orange,black,0,4,1,3,19201,19202,bottom,no,purple,blue,orange,black,1,2,cross,triangle,black,purple,blue,orange,0,4,3,1,First
20,2,1,101,Fewer than three  of the crosses are orange.,cross,triangle,blue,black,orange,purple,2,2,4,0,19204,5,top,no,purple,blue,orange,black,4,5,better,,,,,,,,,,First
21,1,3,110,Each of the crosses is green or yellow.,cross,heart,pink,yellow,brown,green,0,4,1,3,21221,21222,top,yes,pink,yellow,brown,green,1,2,cross,heart,green,pink,yellow,brown,0,4,3,1,First
21,1,3,111,Fewer than three  of the hearts are brown.,cross,heart,pink,brown,green,yellow,0,4,2,2,21223,5,bottom,yes,pink,yellow,brown,green,3,5,better,,,,,,,,,,First
21,2,4,110,Each of the hearts is yellow or brown.,cross,heart,green,pink,yellow,brown,0,4,3,1,21222,21221,bottom,no,pink,yellow,brown,green,2,1,cross,heart,pink,yellow,brown,green,0,4,1,3,First
21,2,4,111,Fewer than three  of the crosses are green.,cross,heart,pink,brown,green,yellow,0,4,2,2,21223,5,top,no,pink,yellow,brown,green,3,5,better,,,,,,,,,,First
22,1,1,110,Each of the crosses is brown or pink.,cross,heart,green,pink,yellow,brown,0,4,3,1,21222,21221,top,yes,pink,yellow,brown,green,2,1,cross,heart,pink,yellow,brown,green,0,4,1,3,First
22,1,1,111,Fewer than three  of the hearts are green.,cross,heart,yellow,green,brown,pink,2,2,4,0,21224,5,bottom,yes,pink,yellow,brown,green,4,5,better,,,,,,,,,,First
22,2,2,110,Each of the hearts is brown or green.,cross,heart,pink,yellow,brown,green,0,4,1,3,21221,21222,bottom,no,pink,yellow,brown,green,1,2,cross,heart,green,pink,yellow,brown,0,4,3,1,First
22,2,2,111,Fewer than three  of the crosses are brown.,cross,heart,yellow,green,brown,pink,2,2,4,0,21224,5,top,no,pink,yellow,brown,green,4,5,better,,,,,,,,,,First
23,1,4,120,Each of the crosses is grey or turquoise.,cross,square,purple,turquoise,green,grey,0,4,1,3,23241,23242,top,yes,purple,turquoise,green,grey,1,2,cross,square,grey,purple,turquoise,green,0,4,3,1,First
23,1,4,121,Fewer than three  of the squares are green.,cross,square,purple,green,grey,turquoise,0,4,2,2,23243,5,bottom,yes,purple,turquoise,green,grey,3,5,better,,,,,,,,,,First
23,2,1,120,Each of the squares is turquoise or green.,cross,square,grey,purple,turquoise,green,0,4,3,1,23242,23241,bottom,no,purple,turquoise,green,grey,2,1,cross,square,purple,turquoise,green,grey,0,4,1,3,First
23,2,1,121,Fewer than three  of the crosses are grey.,cross,square,purple,green,grey,turquoise,0,4,2,2,23243,5,top,no,purple,turquoise,green,grey,3,5,better,,,,,,,,,,First
24,1,2,120,Each of the crosses is green or purple.,cross,square,grey,purple,turquoise,green,0,4,3,1,23242,23241,top,yes,purple,turquoise,green,grey,2,1,cross,square,purple,turquoise,green,grey,0,4,1,3,First
24,1,2,121,Fewer than three  of the squares are grey.,cross,square,turquoise,grey,green,purple,2,2,4,0,23244,5,bottom,yes,purple,turquoise,green,grey,4,5,better,,,,,,,,,,First
24,2,3,120,Each of the squares is green or grey.,cross,square,purple,turquoise,green,grey,0,4,1,3,23241,23242,bottom,no,purple,turquoise,green,grey,1,2,cross,square,grey,purple,turquoise,green,0,4,3,1,First
24,2,3,121,Fewer than three  of the crosses are green.,cross,square,turquoise,grey,green,purple,2,2,4,0,23244,5,top,no,purple,turquoise,green,grey,4,5,better,,,,,,,,,,First
25,1,1,130,Each of the triangles is grey or orange.,triangle,heart,brown,orange,blue,grey,0,4,1,3,25261,25262,top,yes,brown,orange,blue,grey,1,2,triangle,heart,grey,brown,orange,blue,0,4,3,1,First
25,1,1,131,Fewer than three  of the hearts are blue.,triangle,heart,brown,blue,grey,orange,0,4,2,2,25263,5,bottom,yes,brown,orange,blue,grey,3,5,better,,,,,,,,,,First
25,2,2,130,Each of the hearts is orange or blue.,triangle,heart,grey,brown,orange,blue,0,4,3,1,25262,25261,bottom,no,brown,orange,blue,grey,2,1,triangle,heart,brown,orange,blue,grey,0,4,1,3,First
25,2,2,131,Fewer than three  of the triangles are grey.,triangle,heart,brown,blue,grey,orange,0,4,2,2,25263,5,top,no,brown,orange,blue,grey,3,5,better,,,,,,,,,,First
26,1,3,130,Each of the triangles is blue or brown.,triangle,heart,grey,brown,orange,blue,0,4,3,1,25262,25261,top,yes,brown,orange,blue,grey,2,1,triangle,heart,brown,orange,blue,grey,0,4,1,3,First
26,1,3,131,Fewer than three  of the hearts are grey.,triangle,heart,orange,grey,blue,brown,2,2,4,0,25264,5,bottom,yes,brown,orange,blue,grey,4,5,better,,,,,,,,,,First
26,2,4,130,Each of the hearts is blue or grey.,triangle,heart,brown,orange,blue,grey,0,4,1,3,25261,25262,bottom,no,brown,orange,blue,grey,1,2,triangle,heart,grey,brown,orange,blue,0,4,3,1,First
26,2,4,131,Fewer than three  of the triangles are blue.,triangle,heart,orange,grey,blue,brown,2,2,4,0,25264,5,top,no,brown,orange,blue,grey,4,5,better,,,,,,,,,,First
27,1,2,140,Each of the triangles is purple or orange.,triangle,square,blue,orange,black,purple,0,4,1,3,27281,27282,top,yes,blue,orange,black,purple,1,2,triangle,square,purple,blue,orange,black,0,4,3,1,First
27,1,2,141,Fewer than three  of the squares are black.,triangle,square,blue,black,purple,orange,0,4,2,2,27283,5,bottom,yes,blue,orange,black,purple,3,5,better,,,,,,,,,,First
27,2,3,140,Each of the squares is orange or black.,triangle,square,purple,blue,orange,black,0,4,3,1,27282,27281,bottom,no,blue,orange,black,purple,2,1,triangle,square,blue,orange,black,purple,0,4,1,3,First
27,2,3,141,Fewer than three  of the triangles are purple.,triangle,square,blue,black,purple,orange,0,4,2,2,27283,5,top,no,blue,orange,black,purple,3,5,better,,,,,,,,,,First
28,1,4,140,Each of the triangles is black or blue.,triangle,square,purple,blue,orange,black,0,4,3,1,27282,27281,top,yes,blue,orange,black,purple,2,1,triangle,square,blue,orange,black,purple,0,4,1,3,First
28,1,4,141,Fewer than three  of the squares are purple.,triangle,square,orange,purple,black,blue,2,2,4,0,27284,5,bottom,yes,blue,orange,black,purple,4,5,better,,,,,,,,,,First
28,2,1,140,Each of the squares is black or purple.,triangle,square,blue,orange,black,purple,0,4,1,3,27281,27282,bottom,no,blue,orange,black,purple,1,2,triangle,square,purple,blue,orange,black,0,4,3,1,First
28,2,1,141,Fewer than three  of the triangles are black.,triangle,square,orange,purple,black,blue,2,2,4,0,27284,5,top,no,blue,orange,black,purple,4,5,better,,,,,,,,,,First
29,1,3,150,Each of the triangles is pink or brown.,triangle,cross,yellow,brown,green,pink,0,4,1,3,29301,29302,top,yes,yellow,brown,green,pink,1,2,triangle,cross,pink,yellow,brown,green,0,4,3,1,First
29,1,3,151,Fewer than three  of the crosses are green.,triangle,cross,yellow,green,pink,brown,0,4,2,2,29303,5,bottom,yes,yellow,brown,green,pink,3,5,better,,,,,,,,,,First
29,2,4,150,Each of the crosses is brown or green.,triangle,cross,pink,yellow,brown,green,0,4,3,1,29302,29301,bottom,no,yellow,brown,green,pink,2,1,triangle,cross,yellow,brown,green,pink,0,4,1,3,First
29,2,4,151,Fewer than three  of the triangles are pink.,triangle,cross,yellow,green,pink,brown,0,4,2,2,29303,5,top,no,yellow,brown,green,pink,3,5,better,,,,,,,,,,First
30,1,1,150,Each of the triangles is green or yellow.,triangle,cross,pink,yellow,brown,green,0,4,3,1,29302,29301,top,yes,yellow,brown,green,pink,2,1,triangle,cross,yellow,brown,green,pink,0,4,1,3,First
30,1,1,151,Fewer than three  of the crosses are pink.,triangle,cross,brown,pink,green,yellow,2,2,4,0,29304,5,bottom,yes,yellow,brown,green,pink,4,5,better,,,,,,,,,,First
30,2,2,150,Each of the crosses is green or pink.,triangle,cross,yellow,brown,green,pink,0,4,1,3,29301,29302,bottom,no,yellow,brown,green,pink,1,2,triangle,cross,pink,yellow,brown,green,0,4,3,1,First
30,2,2,151,Fewer than three  of the triangles are green.,triangle,cross,brown,pink,green,yellow,2,2,4,0,29304,5,top,no,yellow,brown,green,pink,4,5,better,,,,,,,,,,First
31,1,4,160,Each of the hearts is purple or green.,heart,triangle,turquoise,green,grey,purple,0,4,1,3,31321,31322,top,yes,turquoise,green,grey,purple,1,2,heart,triangle,purple,turquoise,green,grey,0,4,3,1,First
31,1,4,161,Fewer than three  of the triangles are grey.,heart,triangle,turquoise,grey,purple,green,0,4,2,2,31323,5,bottom,yes,turquoise,green,grey,purple,3,5,better,,,,,,,,,,First
31,2,1,160,Each of the triangles is green or grey.,heart,triangle,purple,turquoise,green,grey,0,4,3,1,31322,31321,bottom,no,turquoise,green,grey,purple,2,1,heart,triangle,turquoise,green,grey,purple,0,4,1,3,First
31,2,1,161,Fewer than three  of the hearts are purple.,heart,triangle,turquoise,grey,purple,green,0,4,2,2,31323,5,top,no,turquoise,green,grey,purple,3,5,better,,,,,,,,,,First
32,1,2,160,Each of the hearts is grey or turquoise.,heart,triangle,purple,turquoise,green,grey,0,4,3,1,31322,31321,top,yes,turquoise,green,grey,purple,2,1,heart,triangle,turquoise,green,grey,purple,0,4,1,3,First
32,1,2,161,Fewer than three  of the triangles are purple.,heart,triangle,green,purple,grey,turquoise,2,2,4,0,31324,5,bottom,yes,turquoise,green,grey,purple,4,5,better,,,,,,,,,,First
32,2,3,160,Each of the triangles is grey or purple.,heart,triangle,turquoise,green,grey,purple,0,4,1,3,31321,31322,bottom,no,turquoise,green,grey,purple,1,2,heart,triangle,purple,turquoise,green,grey,0,4,3,1,First
32,2,3,161,Fewer than three  of the hearts are grey.,heart,triangle,turquoise,turquoise,turquoise,turquoise,2,2,4,0,31324,5,top,no,turquoise,turquoise,turquoise,turquoise,4,5,better,,,,,,,,,,First
33,1,1,170,Each of the hearts is brown or blue.,heart,square,orange,blue,grey,brown,0,4,1,3,33341,33342,top,yes,orange,blue,grey,brown,1,2,heart,square,brown,orange,blue,grey,0,4,3,1,First
33,1,1,171,Fewer than three  of the squares are grey.,heart,square,orange,grey,brown,blue,0,4,2,2,33343,5,bottom,yes,orange,blue,grey,brown,3,5,better,,,,,,,,,,First
33,2,2,170,Each of the squares is blue or grey.,heart,square,brown,orange,blue,grey,0,4,3,1,33342,33341,bottom,no,orange,blue,grey,brown,2,1,heart,square,orange,blue,grey,brown,0,4,1,3,First
33,2,2,171,Fewer than three  of the hearts are brown.,heart,square,orange,grey,brown,blue,0,4,2,2,33343,5,top,no,orange,blue,grey,brown,3,5,better,,,,,,,,,,First
34,1,3,170,Each of the hearts is grey or orange.,heart,square,brown,orange,blue,grey,0,4,3,1,33342,33341,top,yes,orange,blue,grey,brown,2,1,heart,square,orange,blue,grey,brown,0,4,1,3,First
34,1,3,171,Fewer than three  of the squares are brown.,heart,square,blue,brown,grey,orange,2,2,4,0,33344,5,bottom,yes,orange,blue,grey,brown,4,5,better,,,,,,,,,,First
34,2,4,170,Each of the squares is grey or brown.,heart,square,orange,blue,grey,brown,0,4,1,3,33341,33342,bottom,no,orange,blue,grey,brown,1,2,heart,square,brown,orange,blue,grey,0,4,3,1,First
34,2,4,171,Fewer than three  of the hearts are grey.,heart,square,blue,brown,grey,orange,2,2,4,0,33344,5,top,no,orange,blue,grey,brown,4,5,better,,,,,,,,,,First
35,1,2,180,Each of the hearts is blue or black.,heart,cross,orange,black,purple,blue,0,4,1,3,35361,35362,top,yes,orange,black,purple,blue,1,2,heart,cross,blue,orange,black,purple,0,4,3,1,First
35,1,2,181,Fewer than three  of the crosses are purple.,heart,cross,orange,purple,blue,black,0,4,2,2,35363,5,bottom,yes,orange,black,purple,blue,3,5,better,,,,,,,,,,First
35,2,3,180,Each of the crosses is black or purple.,heart,cross,blue,orange,black,purple,0,4,3,1,35362,35361,bottom,no,orange,black,purple,blue,2,1,heart,cross,orange,black,purple,blue,0,4,1,3,First
35,2,3,181,Fewer than three  of the hearts are blue.,heart,cross,orange,purple,blue,black,0,4,2,2,35363,5,top,no,orange,black,purple,blue,3,5,better,,,,,,,,,,First
36,1,4,180,Each of the hearts is purple or orange.,heart,cross,blue,orange,black,purple,0,4,3,1,35362,35361,top,yes,orange,black,purple,blue,2,1,heart,cross,orange,black,purple,blue,0,4,1,3,First
36,1,4,181,Fewer than three  of the crosses are blue.,heart,cross,black,blue,purple,orange,2,2,4,0,35364,5,bottom,yes,orange,black,purple,blue,4,5,better,,,,,,,,,,First
36,2,1,180,Each of the crosses is purple or blue.,heart,cross,orange,black,purple,blue,0,4,1,3,35361,35362,bottom,no,orange,black,purple,blue,1,2,heart,cross,blue,orange,black,purple,0,4,3,1,First
36,2,1,181,Fewer than three  of the hearts are purple.,heart,cross,black,blue,purple,orange,2,2,4,0,35364,5,top,no,orange,black,purple,blue,4,5,better,,,,,,,,,,First
37,1,3,190,Each of the squares is yellow or green.,square,triangle,brown,green,pink,yellow,0,4,1,3,37381,37382,top,yes,brown,green,pink,yellow,1,2,square,triangle,yellow,brown,green,pink,0,4,3,1,First
37,1,3,191,Fewer than three  of the triangles are pink.,square,triangle,brown,pink,yellow,green,0,4,2,2,37383,5,bottom,yes,brown,green,pink,yellow,3,5,better,,,,,,,,,,First
37,2,4,190,Each of the triangles is green or pink.,square,triangle,yellow,brown,green,pink,0,4,3,1,37382,37381,bottom,no,brown,green,pink,yellow,2,1,square,triangle,brown,green,pink,yellow,0,4,1,3,First
37,2,4,191,Fewer than three  of the squares are yellow.,square,triangle,brown,pink,yellow,green,0,4,2,2,37383,5,top,no,brown,green,pink,yellow,3,5,better,,,,,,,,,,First
38,1,1,190,Each of the squares is pink or brown.,square,triangle,yellow,brown,green,pink,0,4,3,1,37382,37381,top,yes,brown,green,pink,yellow,2,1,square,triangle,brown,green,pink,yellow,0,4,1,3,First
38,1,1,191,Fewer than three  of the triangles are yellow.,square,triangle,green,yellow,pink,brown,2,2,4,0,37384,5,bottom,yes,brown,green,pink,yellow,4,5,better,,,,,,,,,,First
38,2,2,190,Each of the triangles is pink or yellow.,square,triangle,brown,green,pink,yellow,0,4,1,3,37381,37382,bottom,no,brown,green,pink,yellow,1,2,square,triangle,yellow,brown,green,pink,0,4,3,1,First
38,2,2,191,Fewer than three  of the squares are pink.,square,triangle,green,yellow,pink,brown,2,2,4,0,37384,5,top,no,brown,green,pink,yellow,4,5,better,,,,,,,,,,First
39,1,4,200,Each of the squares is turquoise or grey.,square,heart,green,grey,purple,turquoise,0,4,1,3,39401,39402,top,yes,green,grey,purple,turquoise,1,2,square,heart,turquoise,green,grey,purple,0,4,3,1,First
39,1,4,201,Fewer than three  of the hearts are purple.,square,heart,green,purple,turquoise,grey,0,4,2,2,39403,5,bottom,yes,green,grey,purple,turquoise,3,5,better,,,,,,,,,,First
39,2,1,200,Each of the hearts is grey or purple.,square,heart,turquoise,green,grey,purple,0,4,3,1,39402,39401,bottom,no,green,grey,purple,turquoise,2,1,square,heart,green,grey,purple,turquoise,0,4,1,3,First
39,2,1,201,Fewer than three  of the squares are turquoise.,square,heart,green,purple,turquoise,grey,0,4,2,2,39403,5,top,no,green,grey,purple,turquoise,3,5,better,,,,,,,,,,First
40,1,2,200,Each of the squares is purple or green.,square,heart,turquoise,green,grey,purple,0,4,3,1,39402,39401,top,yes,green,grey,purple,turquoise,2,1,square,heart,green,grey,purple,turquoise,0,4,1,3,First
40,1,2,201,Fewer than three  of the hearts are turquoise.,square,heart,grey,turquoise,purple,green,2,2,4,0,39404,5,bottom,yes,green,grey,purple,turquoise,4,5,better,,,,,,,,,,First
40,2,3,200,Each of the hearts is purple or turquoise.,square,heart,green,grey,purple,turquoise,0,4,1,3,39401,39402,bottom,no,green,grey,purple,turquoise,1,2,square,heart,turquoise,green,grey,purple,0,4,3,1,First
40,2,3,201,Fewer than three  of the squares are purple.,square,heart,grey,turquoise,purple,green,2,2,4,0,39404,5,top,no,green,grey,purple,turquoise,4,5,better,,,,,,,,,,First
41,1,1,210,Each of the squares is orange or grey.,square,cross,blue,grey,brown,orange,0,4,1,3,41421,41422,top,yes,blue,grey,brown,orange,1,2,square,cross,orange,blue,grey,brown,0,4,3,1,First
41,1,1,211,Fewer than three  of the crosses are brown.,square,cross,blue,brown,orange,grey,0,4,2,2,41423,5,bottom,yes,blue,grey,brown,orange,3,5,better,,,,,,,,,,First
41,2,2,210,Each of the crosses is grey or brown.,square,cross,orange,blue,grey,brown,0,4,3,1,41422,41421,bottom,no,blue,grey,brown,orange,2,1,square,cross,blue,grey,brown,orange,0,4,1,3,First
41,2,2,211,Fewer than three  of the squares are orange.,square,cross,blue,brown,orange,grey,0,4,2,2,41423,5,top,no,blue,grey,brown,orange,3,5,better,,,,,,,,,,First
42,1,3,210,Each of the squares is brown or blue.,square,cross,orange,blue,grey,brown,0,4,3,1,41422,41421,top,yes,blue,grey,brown,orange,2,1,square,cross,blue,grey,brown,orange,0,4,1,3,First
42,1,3,211,Fewer than three  of the crosses are orange.,square,cross,grey,orange,brown,blue,2,2,4,0,41424,5,bottom,yes,blue,grey,brown,orange,4,5,better,,,,,,,,,,First
42,2,4,210,Each of the crosses is brown or orange.,square,cross,blue,grey,brown,orange,0,4,1,3,41421,41422,bottom,no,blue,grey,brown,orange,1,2,square,cross,orange,blue,grey,brown,0,4,3,1,First
42,2,4,211,Fewer than three  of the squares are brown.,square,cross,grey,orange,brown,blue,2,2,4,0,41424,5,top,no,blue,grey,brown,orange,4,5,better,,,,,,,,,,First
43,1,2,220,Each of the crosses is orange or purple.,cross,triangle,black,purple,blue,orange,0,4,1,3,43441,43442,top,yes,black,purple,blue,orange,1,2,cross,triangle,orange,black,purple,blue,0,4,3,1,First
43,1,2,221,Fewer than three  of the triangles are blue.,cross,triangle,black,blue,orange,purple,0,4,2,2,43443,5,bottom,yes,black,purple,blue,orange,3,5,better,,,,,,,,,,First
43,2,3,220,Each of the triangles is purple or blue.,cross,triangle,orange,black,purple,blue,0,4,3,1,43442,43441,bottom,no,black,purple,blue,orange,2,1,cross,triangle,black,purple,blue,orange,0,4,1,3,First
43,2,3,221,Fewer than three  of the crosses are orange.,cross,triangle,black,blue,orange,purple,0,4,2,2,43443,5,top,no,black,purple,blue,orange,3,5,better,,,,,,,,,,First
44,1,4,220,Each of the crosses is blue or black.,cross,triangle,orange,black,purple,blue,0,4,3,1,43442,43441,top,yes,black,purple,blue,orange,2,1,cross,triangle,black,purple,blue,orange,0,4,1,3,First
44,1,4,221,Fewer than three  of the triangles are orange.,cross,triangle,purple,orange,blue,black,2,2,4,0,43444,5,bottom,yes,black,purple,blue,orange,4,5,better,,,,,,,,,,First
44,2,1,220,Each of the triangles is blue or orange.,cross,triangle,black,purple,blue,orange,0,4,1,3,43441,43442,bottom,no,black,purple,blue,orange,1,2,cross,triangle,orange,black,purple,blue,0,4,3,1,First
44,2,1,221,Fewer than three  of the crosses are blue.,cross,triangle,purple,orange,blue,black,2,2,4,0,43444,5,top,no,black,purple,blue,orange,4,5,better,,,,,,,,,,First
45,1,3,230,Each of the crosses is brown or pink.,cross,heart,green,pink,yellow,brown,0,4,1,3,45461,45462,top,yes,green,pink,yellow,brown,1,2,cross,heart,brown,green,pink,yellow,0,4,3,1,First
45,1,3,231,Fewer than three  of the hearts are yellow.,cross,heart,green,yellow,brown,pink,0,4,2,2,45463,5,bottom,yes,green,pink,yellow,brown,3,5,better,,,,,,,,,,First
45,2,4,230,Each of the hearts is pink or yellow.,cross,heart,brown,green,pink,yellow,0,4,3,1,45462,45461,bottom,no,green,pink,yellow,brown,2,1,cross,heart,green,pink,yellow,brown,0,4,1,3,First
45,2,4,231,Fewer than three  of the crosses are brown.,cross,heart,green,yellow,brown,pink,0,4,2,2,45463,5,top,no,green,pink,yellow,brown,3,5,better,,,,,,,,,,First
46,1,1,230,Each of the crosses is yellow or green.,cross,heart,brown,green,pink,yellow,0,4,3,1,45462,45461,top,yes,green,pink,yellow,brown,2,1,cross,heart,green,pink,yellow,brown,0,4,1,3,First
46,1,1,231,Fewer than three  of the hearts are brown.,cross,heart,pink,brown,yellow,green,2,2,4,0,45464,5,bottom,yes,green,pink,yellow,brown,4,5,better,,,,,,,,,,First
46,2,2,230,Each of the hearts is yellow or brown.,cross,heart,green,pink,yellow,brown,0,4,1,3,45461,45462,bottom,no,green,pink,yellow,brown,1,2,cross,heart,brown,green,pink,yellow,0,4,3,1,First
46,2,2,231,Fewer than three  of the crosses are yellow.,cross,heart,pink,brown,yellow,green,2,2,4,0,45464,5,top,no,green,pink,yellow,brown,4,5,better,,,,,,,,,,First
47,1,4,240,Each of the crosses is green or purple.,cross,square,grey,purple,turquoise,green,0,4,1,3,47481,47482,top,yes,grey,purple,turquoise,green,1,2,cross,square,green,grey,purple,turquoise,0,4,3,1,First
47,1,4,241,Fewer than three  of the squares are turquoise.,cross,square,grey,turquoise,green,purple,0,4,2,2,47483,5,bottom,yes,grey,purple,turquoise,green,3,5,better,,,,,,,,,,First
47,2,1,240,Each of the squares is purple or turquoise.,cross,square,green,grey,purple,turquoise,0,4,3,1,47482,47481,bottom,no,grey,purple,turquoise,green,2,1,cross,square,grey,purple,turquoise,green,0,4,1,3,First
47,2,1,241,Fewer than three  of the crosses are green.,cross,square,grey,turquoise,green,purple,0,4,2,2,47483,5,top,no,grey,purple,turquoise,green,3,5,better,,,,,,,,,,First
48,1,2,240,Each of the crosses is turquoise or grey.,cross,square,green,grey,purple,turquoise,0,4,3,1,47482,47481,top,yes,grey,purple,turquoise,green,2,1,cross,square,grey,purple,turquoise,green,0,4,1,3,First
48,1,2,241,Fewer than three  of the squares are green.,cross,square,purple,green,turquoise,grey,2,2,4,0,47484,5,bottom,yes,grey,purple,turquoise,green,4,5,better,,,,,,,,,,First
48,2,3,240,Each of the squares is turquoise or green.,cross,square,grey,purple,turquoise,green,0,4,1,3,47481,47482,bottom,no,grey,purple,turquoise,green,1,2,cross,square,green,grey,purple,turquoise,0,4,3,1,First
48,2,3,241,Fewer than three  of the crosses are turquoise.,cross,square,purple,green,turquoise,grey,2,2,4,0,47484,5,top,no,grey,purple,turquoise,green,4,5,better,,,,,,,,,,First
49,1,1,250,Each of the triangles is blue or brown.,triangle,heart,grey,brown,orange,blue,0,4,1,3,49501,49502,top,yes,grey,brown,orange,blue,1,2,triangle,heart,blue,grey,brown,orange,0,4,3,1,First
49,1,1,251,Fewer than three  of the hearts are orange.,triangle,heart,grey,orange,blue,brown,0,4,2,2,49503,5,bottom,yes,grey,brown,orange,blue,3,5,better,,,,,,,,,,First
49,2,2,250,Each of the hearts is brown or orange.,triangle,heart,blue,grey,brown,orange,0,4,3,1,49502,49501,bottom,no,grey,brown,orange,blue,2,1,triangle,heart,grey,brown,orange,blue,0,4,1,3,First
49,2,2,251,Fewer than three  of the triangles are blue.,triangle,heart,grey,orange,blue,brown,0,4,2,2,49503,5,top,no,grey,brown,orange,blue,3,5,better,,,,,,,,,,First
50,1,3,250,Each of the triangles is orange or grey.,triangle,heart,blue,grey,brown,orange,0,4,3,1,49502,49501,top,yes,grey,brown,orange,blue,2,1,triangle,heart,grey,brown,orange,blue,0,4,1,3,First
50,1,3,251,Fewer than three  of the hearts are blue.,triangle,heart,brown,blue,orange,grey,2,2,4,0,49504,5,bottom,yes,grey,brown,orange,blue,4,5,better,,,,,,,,,,First
50,2,4,250,Each of the hearts is orange or blue.,triangle,heart,grey,brown,orange,blue,0,4,1,3,49501,49502,bottom,no,grey,brown,orange,blue,1,2,triangle,heart,blue,grey,brown,orange,0,4,3,1,First
50,2,4,251,Fewer than three  of the triangles are orange.,triangle,heart,brown,blue,orange,grey,2,2,4,0,49504,5,top,no,grey,brown,orange,blue,4,5,better,,,,,,,,,,First
51,1,2,260,Each of the triangles is black or blue.,triangle,square,purple,blue,orange,black,0,4,1,3,51521,51522,top,yes,purple,blue,orange,black,1,2,triangle,square,black,purple,blue,orange,0,4,3,1,First
51,1,2,261,Fewer than three  of the squares are orange.,triangle,square,purple,orange,black,blue,0,4,2,2,51523,5,bottom,yes,purple,blue,orange,black,3,5,better,,,,,,,,,,First
51,2,3,260,Each of the squares is blue or orange.,triangle,square,black,purple,blue,orange,0,4,3,1,51522,51521,bottom,no,purple,blue,orange,black,2,1,triangle,square,purple,blue,orange,black,0,4,1,3,First
51,2,3,261,Fewer than three  of the triangles are black.,triangle,square,purple,orange,black,blue,0,4,2,2,51523,5,top,no,purple,blue,orange,black,3,5,better,,,,,,,,,,First
52,1,4,260,Each of the triangles is orange or purple.,triangle,square,black,purple,blue,orange,0,4,3,1,51522,51521,top,yes,purple,blue,orange,black,2,1,triangle,square,purple,blue,orange,black,0,4,1,3,First
52,1,4,261,Fewer than three  of the squares are black.,triangle,square,blue,black,orange,purple,2,2,4,0,51524,5,bottom,yes,purple,blue,orange,black,4,5,better,,,,,,,,,,First
52,2,1,260,Each of the squares is orange or black.,triangle,square,purple,blue,orange,black,0,4,1,3,51521,51522,bottom,no,purple,blue,orange,black,1,2,triangle,square,black,purple,blue,orange,0,4,3,1,First
52,2,1,261,Fewer than three  of the triangles are orange.,triangle,square,blue,black,orange,purple,2,2,4,0,51524,5,top,no,purple,blue,orange,black,4,5,better,,,,,,,,,,First
53,1,3,270,Each of the triangles is green or yellow.,triangle,cross,pink,yellow,brown,green,0,4,1,3,53541,53542,top,yes,pink,yellow,brown,green,1,2,triangle,cross,green,pink,yellow,brown,0,4,3,1,First
53,1,3,271,Fewer than three  of the crosses are brown.,triangle,cross,pink,brown,green,yellow,0,4,2,2,53543,5,bottom,yes,pink,yellow,brown,green,3,5,better,,,,,,,,,,First
53,2,4,270,Each of the crosses is yellow or brown.,triangle,cross,green,pink,yellow,brown,0,4,3,1,53542,53541,bottom,no,pink,yellow,brown,green,2,1,triangle,cross,pink,yellow,brown,green,0,4,1,3,First
53,2,4,271,Fewer than three  of the triangles are green.,triangle,cross,pink,brown,green,yellow,0,4,2,2,53543,5,top,no,pink,yellow,brown,green,3,5,better,,,,,,,,,,First
54,1,1,270,Each of the triangles is brown or pink.,triangle,cross,green,pink,yellow,brown,0,4,3,1,53542,53541,top,yes,pink,yellow,brown,green,2,1,triangle,cross,pink,yellow,brown,green,0,4,1,3,First
54,1,1,271,Fewer than three  of the crosses are green.,triangle,cross,yellow,green,brown,pink,2,2,4,0,53544,5,bottom,yes,pink,yellow,brown,green,4,5,better,,,,,,,,,,First
54,2,2,270,Each of the crosses is brown or green.,triangle,cross,pink,yellow,brown,green,0,4,1,3,53541,53542,bottom,no,pink,yellow,brown,green,1,2,triangle,cross,green,pink,yellow,brown,0,4,3,1,First
54,2,2,271,Fewer than three  of the triangles are brown.,triangle,cross,yellow,green,brown,pink,2,2,4,0,53544,5,top,no,pink,yellow,brown,green,4,5,better,,,,,,,,,,First
55,1,4,280,Each of the hearts is grey or turquoise.,heart,triangle,purple,turquoise,green,grey,0,4,1,3,55561,55562,top,yes,purple,turquoise,green,grey,1,2,heart,triangle,grey,purple,turquoise,green,0,4,3,1,First
55,1,4,281,Fewer than three  of the triangles are green.,heart,triangle,purple,green,grey,turquoise,0,4,2,2,55563,5,bottom,yes,purple,turquoise,green,grey,3,5,better,,,,,,,,,,First
55,2,1,280,Each of the triangles is turquoise or green.,heart,triangle,grey,purple,turquoise,green,0,4,3,1,55562,55561,bottom,no,purple,turquoise,green,grey,2,1,heart,triangle,purple,turquoise,green,grey,0,4,1,3,First
55,2,1,281,Fewer than three  of the hearts are grey.,heart,triangle,purple,green,grey,turquoise,0,4,2,2,55563,5,top,no,purple,turquoise,green,grey,3,5,better,,,,,,,,,,First
56,1,2,280,Each of the hearts is green or purple.,heart,triangle,grey,purple,turquoise,green,0,4,3,1,55562,55561,top,yes,purple,turquoise,green,grey,2,1,heart,triangle,purple,turquoise,green,grey,0,4,1,3,First
56,1,2,281,Fewer than three  of the triangles are grey.,heart,triangle,turquoise,grey,green,purple,2,2,4,0,55564,5,bottom,yes,purple,turquoise,green,grey,4,5,better,,,,,,,,,,First
56,2,3,280,Each of the triangles is green or grey.,heart,triangle,purple,turquoise,green,grey,0,4,1,3,55561,55562,bottom,no,purple,turquoise,green,grey,1,2,heart,triangle,grey,purple,turquoise,green,0,4,3,1,First
56,2,3,281,Fewer than three  of the hearts are green.,heart,triangle,turquoise,grey,green,purple,2,2,4,0,55564,5,top,no,purple,turquoise,green,grey,4,5,better,,,,,,,,,,First
57,1,1,290,Each of the hearts is grey or orange.,heart,square,brown,orange,blue,grey,0,4,1,3,57581,57582,top,yes,brown,orange,blue,grey,1,2,heart,square,grey,brown,orange,blue,0,4,3,1,First
57,1,1,291,Fewer than three  of the squares are blue.,heart,square,brown,blue,grey,orange,0,4,2,2,57583,5,bottom,yes,brown,orange,blue,grey,3,5,better,,,,,,,,,,First
57,2,2,290,Each of the squares is orange or blue.,heart,square,grey,brown,orange,blue,0,4,3,1,57582,57581,bottom,no,brown,orange,blue,grey,2,1,heart,square,brown,orange,blue,grey,0,4,1,3,First
57,2,2,291,Fewer than three  of the hearts are grey.,heart,square,brown,blue,grey,orange,0,4,2,2,57583,5,top,no,brown,orange,blue,grey,3,5,better,,,,,,,,,,First
58,1,3,290,Each of the hearts is blue or brown.,heart,square,grey,brown,orange,blue,0,4,3,1,57582,57581,top,yes,brown,orange,blue,grey,2,1,heart,square,brown,orange,blue,grey,0,4,1,3,First
58,1,3,291,Fewer than three  of the squares are grey.,heart,square,orange,grey,blue,brown,2,2,4,0,57584,5,bottom,yes,brown,orange,blue,grey,4,5,better,,,,,,,,,,First
58,2,4,290,Each of the squares is blue or grey.,heart,square,brown,orange,blue,grey,0,4,1,3,57581,57582,bottom,no,brown,orange,blue,grey,1,2,heart,square,grey,brown,orange,blue,0,4,3,1,First
58,2,4,291,Fewer than three  of the hearts are blue.,heart,square,orange,grey,blue,brown,2,2,4,0,57584,5,top,no,brown,orange,blue,grey,4,5,better,,,,,,,,,,First
59,1,2,300,Each of the hearts is purple or orange.,heart,cross,blue,orange,black,purple,0,4,1,3,59601,59602,top,yes,blue,orange,black,purple,1,2,heart,cross,purple,blue,orange,black,0,4,3,1,First
59,1,2,301,Fewer than three  of the crosses are black.,heart,cross,blue,black,purple,orange,0,4,2,2,59603,5,bottom,yes,blue,orange,black,purple,3,5,better,,,,,,,,,,First
59,2,3,300,Each of the crosses is orange or black.,heart,cross,purple,blue,orange,black,0,4,3,1,59602,59601,bottom,no,blue,orange,black,purple,2,1,heart,cross,blue,orange,black,purple,0,4,1,3,First
59,2,3,301,Fewer than three  of the hearts are purple.,heart,cross,blue,black,purple,orange,0,4,2,2,59603,5,top,no,blue,orange,black,purple,3,5,better,,,,,,,,,,First
60,1,4,300,Each of the hearts is black or blue.,heart,cross,purple,blue,orange,black,0,4,3,1,59602,59601,top,yes,blue,orange,black,purple,2,1,heart,cross,blue,orange,black,purple,0,4,1,3,First
60,1,4,301,Fewer than three  of the crosses are purple.,heart,cross,orange,purple,black,blue,2,2,4,0,59604,5,bottom,yes,blue,orange,black,purple,4,5,better,,,,,,,,,,First
60,2,1,300,Each of the crosses is black or purple.,heart,cross,blue,orange,black,purple,0,4,1,3,59601,59602,bottom,no,blue,orange,black,purple,1,2,heart,cross,purple,blue,orange,black,0,4,3,1,First
60,2,1,301,Fewer than three  of the hearts are black.,heart,cross,orange,purple,black,blue,2,2,4,0,59604,5,top,no,blue,orange,black,purple,4,5,better,,,,,,,,,,First
61,1,3,310,Each of the squares is pink or brown.,square,triangle,yellow,brown,green,pink,0,4,1,3,61621,61622,top,yes,yellow,brown,green,pink,1,2,square,triangle,pink,yellow,brown,green,0,4,3,1,First
61,1,3,311,Fewer than three  of the triangles are green.,square,triangle,yellow,green,pink,brown,0,4,2,2,61623,5,bottom,yes,yellow,brown,green,pink,3,5,better,,,,,,,,,,First
61,2,4,310,Each of the triangles is brown or green.,square,triangle,pink,yellow,brown,green,0,4,3,1,61622,61621,bottom,no,yellow,brown,green,pink,2,1,square,triangle,yellow,brown,green,pink,0,4,1,3,First
61,2,4,311,Fewer than three  of the squares are pink.,square,triangle,yellow,green,pink,brown,0,4,2,2,61623,5,top,no,yellow,brown,green,pink,3,5,better,,,,,,,,,,First
62,1,1,310,Each of the squares is green or yellow.,square,triangle,pink,yellow,brown,green,0,4,3,1,61622,61621,top,yes,yellow,brown,green,pink,2,1,square,triangle,yellow,brown,green,pink,0,4,1,3,First
62,1,1,311,Fewer than three  of the triangles are pink.,square,triangle,brown,pink,green,yellow,2,2,4,0,61624,5,bottom,yes,yellow,brown,green,pink,4,5,better,,,,,,,,,,First
62,2,2,310,Each of the triangles is green or pink.,square,triangle,yellow,brown,green,pink,0,4,1,3,61621,61622,bottom,no,yellow,brown,green,pink,1,2,square,triangle,pink,yellow,brown,green,0,4,3,1,First
62,2,2,311,Fewer than three  of the squares are green.,square,triangle,brown,pink,green,yellow,2,2,4,0,61624,5,top,no,yellow,brown,green,pink,4,5,better,,,,,,,,,,First
63,1,4,320,Each of the squares is purple or green.,square,heart,turquoise,green,grey,purple,0,4,1,3,63641,63642,top,yes,turquoise,green,grey,purple,1,2,square,heart,purple,turquoise,green,grey,0,4,3,1,First
63,1,4,321,Fewer than three  of the hearts are grey.,square,heart,turquoise,grey,purple,green,0,4,2,2,63643,5,bottom,yes,turquoise,green,grey,purple,3,5,better,,,,,,,,,,First
63,2,1,320,Each of the hearts is green or grey.,square,heart,purple,turquoise,green,grey,0,4,3,1,63642,63641,bottom,no,turquoise,green,grey,purple,2,1,square,heart,turquoise,green,grey,purple,0,4,1,3,First
63,2,1,321,Fewer than three  of the squares are purple.,square,heart,turquoise,grey,purple,green,0,4,2,2,63643,5,top,no,turquoise,green,grey,purple,3,5,better,,,,,,,,,,First
64,1,2,320,Each of the squares is grey or turquoise.,square,heart,purple,turquoise,green,grey,0,4,3,1,63642,63641,top,yes,turquoise,green,grey,purple,2,1,square,heart,turquoise,green,grey,purple,0,4,1,3,First
64,1,2,321,Fewer than three  of the hearts are purple.,square,heart,green,purple,grey,turquoise,2,2,4,0,63644,5,bottom,yes,turquoise,green,grey,purple,4,5,better,,,,,,,,,,First
64,2,3,320,Each of the hearts is grey or purple.,square,heart,turquoise,green,grey,purple,0,4,1,3,63641,63642,bottom,no,turquoise,green,grey,purple,1,2,square,heart,purple,turquoise,green,grey,0,4,3,1,First
64,2,3,321,Fewer than three  of the squares are grey.,square,heart,turquoise,turquoise,turquoise,turquoise,2,2,4,0,63644,5,top,no,turquoise,turquoise,turquoise,turquoise,4,5,better,,,,,,,,,,First
65,1,1,330,Each of the squares is brown or blue.,square,cross,orange,blue,grey,brown,0,4,1,3,65661,65662,top,yes,orange,blue,grey,brown,1,2,square,cross,brown,orange,blue,grey,0,4,3,1,First
65,1,1,331,Fewer than three  of the crosses are grey.,square,cross,orange,grey,brown,blue,0,4,2,2,65663,5,bottom,yes,orange,blue,grey,brown,3,5,better,,,,,,,,,,First
65,2,2,330,Each of the crosses is blue or grey.,square,cross,brown,orange,blue,grey,0,4,3,1,65662,65661,bottom,no,orange,blue,grey,brown,2,1,square,cross,orange,blue,grey,brown,0,4,1,3,First
65,2,2,331,Fewer than three  of the squares are brown.,square,cross,orange,grey,brown,blue,0,4,2,2,65663,5,top,no,orange,blue,grey,brown,3,5,better,,,,,,,,,,First
66,1,3,330,Each of the squares is grey or orange.,square,cross,brown,orange,blue,grey,0,4,3,1,65662,65661,top,yes,orange,blue,grey,brown,2,1,square,cross,orange,blue,grey,brown,0,4,1,3,First
66,1,3,331,Fewer than three  of the crosses are brown.,square,cross,blue,brown,grey,orange,2,2,4,0,65664,5,bottom,yes,orange,blue,grey,brown,4,5,better,,,,,,,,,,First
66,2,4,330,Each of the crosses is grey or brown.,square,cross,orange,blue,grey,brown,0,4,1,3,65661,65662,bottom,no,orange,blue,grey,brown,1,2,square,cross,brown,orange,blue,grey,0,4,3,1,First
66,2,4,331,Fewer than three  of the squares are grey.,square,cross,blue,brown,grey,orange,2,2,4,0,65664,5,top,no,orange,blue,grey,brown,4,5,better,,,,,,,,,,First
67,1,2,340,Each of the crosses is blue or black.,cross,triangle,orange,black,purple,blue,0,4,1,3,67681,67682,top,yes,orange,black,purple,blue,1,2,cross,triangle,blue,orange,black,purple,0,4,3,1,First
67,1,2,341,Fewer than three  of the triangles are purple.,cross,triangle,orange,purple,blue,black,0,4,2,2,67683,5,bottom,yes,orange,black,purple,blue,3,5,better,,,,,,,,,,First
67,2,3,340,Each of the triangles is black or purple.,cross,triangle,blue,orange,black,purple,0,4,3,1,67682,67681,bottom,no,orange,black,purple,blue,2,1,cross,triangle,orange,black,purple,blue,0,4,1,3,First
67,2,3,341,Fewer than three  of the crosses are blue.,cross,triangle,orange,purple,blue,black,0,4,2,2,67683,5,top,no,orange,black,purple,blue,3,5,better,,,,,,,,,,First
68,1,4,340,Each of the crosses is purple or orange.,cross,triangle,blue,orange,black,purple,0,4,3,1,67682,67681,top,yes,orange,black,purple,blue,2,1,cross,triangle,orange,black,purple,blue,0,4,1,3,First
68,1,4,341,Fewer than three  of the triangles are blue.,cross,triangle,black,blue,purple,orange,2,2,4,0,67684,5,bottom,yes,orange,black,purple,blue,4,5,better,,,,,,,,,,First
68,2,1,340,Each of the triangles is purple or blue.,cross,triangle,orange,black,purple,blue,0,4,1,3,67681,67682,bottom,no,orange,black,purple,blue,1,2,cross,triangle,blue,orange,black,purple,0,4,3,1,First
68,2,1,341,Fewer than three  of the crosses are purple.,cross,triangle,black,blue,purple,orange,2,2,4,0,67684,5,top,no,orange,black,purple,blue,4,5,better,,,,,,,,,,First
69,1,3,350,Each of the crosses is yellow or green.,cross,heart,brown,green,pink,yellow,0,4,1,3,69701,69702,top,yes,brown,green,pink,yellow,1,2,cross,heart,yellow,brown,green,pink,0,4,3,1,First
69,1,3,351,Fewer than three  of the hearts are pink.,cross,heart,brown,pink,yellow,green,0,4,2,2,69703,5,bottom,yes,brown,green,pink,yellow,3,5,better,,,,,,,,,,First
69,2,4,350,Each of the hearts is green or pink.,cross,heart,yellow,brown,green,pink,0,4,3,1,69702,69701,bottom,no,brown,green,pink,yellow,2,1,cross,heart,brown,green,pink,yellow,0,4,1,3,First
69,2,4,351,Fewer than three  of the crosses are yellow.,cross,heart,brown,pink,yellow,green,0,4,2,2,69703,5,top,no,brown,green,pink,yellow,3,5,better,,,,,,,,,,First
70,1,1,350,Each of the crosses is pink or brown.,cross,heart,yellow,brown,green,pink,0,4,3,1,69702,69701,top,yes,brown,green,pink,yellow,2,1,cross,heart,brown,green,pink,yellow,0,4,1,3,First
70,1,1,351,Fewer than three  of the hearts are yellow.,cross,heart,green,yellow,pink,brown,2,2,4,0,69704,5,bottom,yes,brown,green,pink,yellow,4,5,better,,,,,,,,,,First
70,2,2,350,Each of the hearts is pink or yellow.,cross,heart,brown,green,pink,yellow,0,4,1,3,69701,69702,bottom,no,brown,green,pink,yellow,1,2,cross,heart,yellow,brown,green,pink,0,4,3,1,First
70,2,2,351,Fewer than three  of the crosses are pink.,cross,heart,green,yellow,pink,brown,2,2,4,0,69704,5,top,no,brown,green,pink,yellow,4,5,better,,,,,,,,,,First
71,1,4,360,Each of the crosses is turquoise or grey.,cross,square,green,grey,purple,turquoise,0,4,1,3,71721,71722,top,yes,green,grey,purple,turquoise,1,2,cross,square,turquoise,green,grey,purple,0,4,3,1,First
71,1,4,361,Fewer than three  of the squares are purple.,cross,square,green,purple,turquoise,grey,0,4,2,2,71723,5,bottom,yes,green,grey,purple,turquoise,3,5,better,,,,,,,,,,First
71,2,1,360,Each of the squares is grey or purple.,cross,square,turquoise,green,grey,purple,0,4,3,1,71722,71721,bottom,no,green,grey,purple,turquoise,2,1,cross,square,green,grey,purple,turquoise,0,4,1,3,First
71,2,1,361,Fewer than three  of the crosses are turquoise.,cross,square,green,purple,turquoise,grey,0,4,2,2,71723,5,top,no,green,grey,purple,turquoise,3,5,better,,,,,,,,,,First
72,1,2,360,Each of the crosses is purple or green.,cross,square,turquoise,green,grey,purple,0,4,3,1,71722,71721,top,yes,green,grey,purple,turquoise,2,1,cross,square,green,grey,purple,turquoise,0,4,1,3,First
72,1,2,361,Fewer than three  of the squares are turquoise.,cross,square,grey,turquoise,purple,green,2,2,4,0,71724,5,bottom,yes,green,grey,purple,turquoise,4,5,better,,,,,,,,,,First
72,2,3,360,Each of the squares is purple or turquoise.,cross,square,green,grey,purple,turquoise,0,4,1,3,71721,71722,bottom,no,green,grey,purple,turquoise,1,2,cross,square,turquoise,green,grey,purple,0,4,3,1,First
72,2,3,361,Fewer than three  of the crosses are purple.,cross,square,grey,turquoise,purple,green,2,2,4,0,71724,5,top,no,green,grey,purple,turquoise,4,5,better,,,,,,,,,,First
73,1,1,370,Each of the triangles is orange or grey.,triangle,heart,blue,grey,brown,orange,0,4,1,3,73741,73742,top,yes,blue,grey,brown,orange,1,2,triangle,heart,orange,blue,grey,brown,0,4,3,1,First
73,1,1,371,Fewer than three  of the hearts are brown.,triangle,heart,blue,brown,orange,grey,0,4,2,2,73743,5,bottom,yes,blue,grey,brown,orange,3,5,better,,,,,,,,,,First
73,2,2,370,Each of the hearts is grey or brown.,triangle,heart,orange,blue,grey,brown,0,4,3,1,73742,73741,bottom,no,blue,grey,brown,orange,2,1,triangle,heart,blue,grey,brown,orange,0,4,1,3,First
73,2,2,371,Fewer than three  of the triangles are orange.,triangle,heart,blue,brown,orange,grey,0,4,2,2,73743,5,top,no,blue,grey,brown,orange,3,5,better,,,,,,,,,,First
74,1,3,370,Each of the triangles is brown or blue.,triangle,heart,orange,blue,grey,brown,0,4,3,1,73742,73741,top,yes,blue,grey,brown,orange,2,1,triangle,heart,blue,grey,brown,orange,0,4,1,3,First
74,1,3,371,Fewer than three  of the hearts are orange.,triangle,heart,grey,orange,brown,blue,2,2,4,0,73744,5,bottom,yes,blue,grey,brown,orange,4,5,better,,,,,,,,,,First
74,2,4,370,Each of the hearts is brown or orange.,triangle,heart,blue,grey,brown,orange,0,4,1,3,73741,73742,bottom,no,blue,grey,brown,orange,1,2,triangle,heart,orange,blue,grey,brown,0,4,3,1,First
74,2,4,371,Fewer than three  of the triangles are brown.,triangle,heart,grey,orange,brown,blue,2,2,4,0,73744,5,top,no,blue,grey,brown,orange,4,5,better,,,,,,,,,,First
75,1,2,380,Each of the triangles is orange or purple.,triangle,square,black,purple,blue,orange,0,4,1,3,75761,75762,top,yes,black,purple,blue,orange,1,2,triangle,square,orange,black,purple,blue,0,4,3,1,First
75,1,2,381,Fewer than three  of the squares are blue.,triangle,square,black,blue,orange,purple,0,4,2,2,75763,5,bottom,yes,black,purple,blue,orange,3,5,better,,,,,,,,,,First
75,2,3,380,Each of the squares is purple or blue.,triangle,square,orange,black,purple,blue,0,4,3,1,75762,75761,bottom,no,black,purple,blue,orange,2,1,triangle,square,black,purple,blue,orange,0,4,1,3,First
75,2,3,381,Fewer than three  of the triangles are orange.,triangle,square,black,blue,orange,purple,0,4,2,2,75763,5,top,no,black,purple,blue,orange,3,5,better,,,,,,,,,,First
76,1,4,380,Each of the triangles is blue or black.,triangle,square,orange,black,purple,blue,0,4,3,1,75762,75761,top,yes,black,purple,blue,orange,2,1,triangle,square,black,purple,blue,orange,0,4,1,3,First
76,1,4,381,Fewer than three  of the squares are orange.,triangle,square,purple,orange,blue,black,2,2,4,0,75764,5,bottom,yes,black,purple,blue,orange,4,5,better,,,,,,,,,,First
76,2,1,380,Each of the squares is blue or orange.,triangle,square,black,purple,blue,orange,0,4,1,3,75761,75762,bottom,no,black,purple,blue,orange,1,2,triangle,square,orange,black,purple,blue,0,4,3,1,First
76,2,1,381,Fewer than three  of the triangles are blue.,triangle,square,purple,orange,blue,black,2,2,4,0,75764,5,top,no,black,purple,blue,orange,4,5,better,,,,,,,,,,First
77,1,3,390,Each of the triangles is brown or pink.,triangle,cross,green,pink,yellow,brown,0,4,1,3,77781,77782,top,yes,green,pink,yellow,brown,1,2,triangle,cross,brown,green,pink,yellow,0,4,3,1,First
77,1,3,391,Fewer than three  of the crosses are yellow.,triangle,cross,green,yellow,brown,pink,0,4,2,2,77783,5,bottom,yes,green,pink,yellow,brown,3,5,better,,,,,,,,,,First
77,2,4,390,Each of the crosses is pink or yellow.,triangle,cross,brown,green,pink,yellow,0,4,3,1,77782,77781,bottom,no,green,pink,yellow,brown,2,1,triangle,cross,green,pink,yellow,brown,0,4,1,3,First
77,2,4,391,Fewer than three  of the triangles are brown.,triangle,cross,green,yellow,brown,pink,0,4,2,2,77783,5,top,no,green,pink,yellow,brown,3,5,better,,,,,,,,,,First
78,1,1,390,Each of the triangles is yellow or green.,triangle,cross,brown,green,pink,yellow,0,4,3,1,77782,77781,top,yes,green,pink,yellow,brown,2,1,triangle,cross,green,pink,yellow,brown,0,4,1,3,First
78,1,1,391,Fewer than three  of the crosses are brown.,triangle,cross,pink,brown,yellow,green,2,2,4,0,77784,5,bottom,yes,green,pink,yellow,brown,4,5,better,,,,,,,,,,First
78,2,2,390,Each of the crosses is yellow or brown.,triangle,cross,green,pink,yellow,brown,0,4,1,3,77781,77782,bottom,no,green,pink,yellow,brown,1,2,triangle,cross,brown,green,pink,yellow,0,4,3,1,First
78,2,2,391,Fewer than three  of the triangles are yellow.,triangle,cross,pink,brown,yellow,green,2,2,4,0,77784,5,top,no,green,pink,yellow,brown,4,5,better,,,,,,,,,,First
79,1,4,400,Each of the hearts is green or purple.,heart,triangle,grey,purple,turquoise,green,0,4,1,3,79801,79802,top,yes,grey,purple,turquoise,green,1,2,heart,triangle,green,grey,purple,turquoise,0,4,3,1,First
79,1,4,401,Fewer than three  of the triangles are turquoise.,heart,triangle,grey,turquoise,green,purple,0,4,2,2,79803,5,bottom,yes,grey,purple,turquoise,green,3,5,better,,,,,,,,,,First
79,2,1,400,Each of the triangles is purple or turquoise.,heart,triangle,green,grey,purple,turquoise,0,4,3,1,79802,79801,bottom,no,grey,purple,turquoise,green,2,1,heart,triangle,grey,purple,turquoise,green,0,4,1,3,First
79,2,1,401,Fewer than three  of the hearts are green.,heart,triangle,grey,turquoise,green,purple,0,4,2,2,79803,5,top,no,grey,purple,turquoise,green,3,5,better,,,,,,,,,,First
80,1,2,400,Each of the hearts is turquoise or grey.,heart,triangle,green,grey,purple,turquoise,0,4,3,1,79802,79801,top,yes,grey,purple,turquoise,green,2,1,heart,triangle,grey,purple,turquoise,green,0,4,1,3,First
80,1,2,401,Fewer than three  of the triangles are green.,heart,triangle,purple,green,turquoise,grey,2,2,4,0,79804,5,bottom,yes,grey,purple,turquoise,green,4,5,better,,,,,,,,,,First
80,2,3,400,Each of the triangles is turquoise or green.,heart,triangle,grey,purple,turquoise,green,0,4,1,3,79801,79802,bottom,no,grey,purple,turquoise,green,1,2,heart,triangle,green,grey,purple,turquoise,0,4,3,1,First
80,2,3,401,Fewer than three  of the hearts are turquoise.,heart,triangle,purple,green,turquoise,grey,2,2,4,0,79804,5,top,no,grey,purple,turquoise,green,4,5,better,,,,,,,,,,First
81,1,1,410,Each of the hearts is blue or brown.,heart,square,grey,brown,orange,blue,0,4,1,3,81821,81822,top,yes,grey,brown,orange,blue,1,2,heart,square,blue,grey,brown,orange,0,4,3,1,First
81,1,1,411,Fewer than three  of the squares are orange.,heart,square,grey,orange,blue,brown,0,4,2,2,81823,5,bottom,yes,grey,brown,orange,blue,3,5,better,,,,,,,,,,First
81,2,2,410,Each of the squares is brown or orange.,heart,square,blue,grey,brown,orange,0,4,3,1,81822,81821,bottom,no,grey,brown,orange,blue,2,1,heart,square,grey,brown,orange,blue,0,4,1,3,First
81,2,2,411,Fewer than three  of the hearts are blue.,heart,square,grey,orange,blue,brown,0,4,2,2,81823,5,top,no,grey,brown,orange,blue,3,5,better,,,,,,,,,,First
82,1,3,410,Each of the hearts is orange or grey.,heart,square,blue,grey,brown,orange,0,4,3,1,81822,81821,top,yes,grey,brown,orange,blue,2,1,heart,square,grey,brown,orange,blue,0,4,1,3,First
82,1,3,411,Fewer than three  of the squares are blue.,heart,square,brown,blue,orange,grey,2,2,4,0,81824,5,bottom,yes,grey,brown,orange,blue,4,5,better,,,,,,,,,,First
82,2,4,410,Each of the squares is orange or blue.,heart,square,grey,brown,orange,blue,0,4,1,3,81821,81822,bottom,no,grey,brown,orange,blue,1,2,heart,square,blue,grey,brown,orange,0,4,3,1,First
82,2,4,411,Fewer than three  of the hearts are orange.,heart,square,brown,blue,orange,grey,2,2,4,0,81824,5,top,no,grey,brown,orange,blue,4,5,better,,,,,,,,,,First
83,1,2,420,Each of the hearts is black or blue.,heart,cross,purple,blue,orange,black,0,4,1,3,83841,83842,top,yes,purple,blue,orange,black,1,2,heart,cross,black,purple,blue,orange,0,4,3,1,First
83,1,2,421,Fewer than three  of the crosses are orange.,heart,cross,purple,orange,black,blue,0,4,2,2,83843,5,bottom,yes,purple,blue,orange,black,3,5,better,,,,,,,,,,First
83,2,3,420,Each of the crosses is blue or orange.,heart,cross,black,purple,blue,orange,0,4,3,1,83842,83841,bottom,no,purple,blue,orange,black,2,1,heart,cross,purple,blue,orange,black,0,4,1,3,First
83,2,3,421,Fewer than three  of the hearts are black.,heart,cross,purple,orange,black,blue,0,4,2,2,83843,5,top,no,purple,blue,orange,black,3,5,better,,,,,,,,,,First
84,1,4,420,Each of the hearts is orange or purple.,heart,cross,black,purple,blue,orange,0,4,3,1,83842,83841,top,yes,purple,blue,orange,black,2,1,heart,cross,purple,blue,orange,black,0,4,1,3,First
84,1,4,421,Fewer than three  of the crosses are black.,heart,cross,blue,black,orange,purple,2,2,4,0,83844,5,bottom,yes,purple,blue,orange,black,4,5,better,,,,,,,,,,First
84,2,1,420,Each of the crosses is orange or black.,heart,cross,purple,blue,orange,black,0,4,1,3,83841,83842,bottom,no,purple,blue,orange,black,1,2,heart,cross,black,purple,blue,orange,0,4,3,1,First
84,2,1,421,Fewer than three  of the hearts are orange.,heart,cross,blue,black,orange,purple,2,2,4,0,83844,5,top,no,purple,blue,orange,black,4,5,better,,,,,,,,,,First
85,1,3,430,Each of the squares is green or yellow.,square,triangle,pink,yellow,brown,green,0,4,1,3,85861,85862,top,yes,pink,yellow,brown,green,1,2,square,triangle,green,pink,yellow,brown,0,4,3,1,First
85,1,3,431,Fewer than three  of the triangles are brown.,square,triangle,pink,brown,green,yellow,0,4,2,2,85863,5,bottom,yes,pink,yellow,brown,green,3,5,better,,,,,,,,,,First
85,2,4,430,Each of the triangles is yellow or brown.,square,triangle,green,pink,yellow,brown,0,4,3,1,85862,85861,bottom,no,pink,yellow,brown,green,2,1,square,triangle,pink,yellow,brown,green,0,4,1,3,First
85,2,4,431,Fewer than three  of the squares are green.,square,triangle,pink,brown,green,yellow,0,4,2,2,85863,5,top,no,pink,yellow,brown,green,3,5,better,,,,,,,,,,First
86,1,1,430,Each of the squares is brown or pink.,square,triangle,green,pink,yellow,brown,0,4,3,1,85862,85861,top,yes,pink,yellow,brown,green,2,1,square,triangle,pink,yellow,brown,green,0,4,1,3,First
86,1,1,431,Fewer than three  of the triangles are green.,square,triangle,yellow,green,brown,pink,2,2,4,0,85864,5,bottom,yes,pink,yellow,brown,green,4,5,better,,,,,,,,,,First
86,2,2,430,Each of the triangles is brown or green.,square,triangle,pink,yellow,brown,green,0,4,1,3,85861,85862,bottom,no,pink,yellow,brown,green,1,2,square,triangle,green,pink,yellow,brown,0,4,3,1,First
86,2,2,431,Fewer than three  of the squares are brown.,square,triangle,yellow,green,brown,pink,2,2,4,0,85864,5,top,no,pink,yellow,brown,green,4,5,better,,,,,,,,,,First
87,1,4,440,Each of the squares is grey or turquoise.,square,heart,purple,turquoise,green,grey,0,4,1,3,87881,87882,top,yes,purple,turquoise,green,grey,1,2,square,heart,grey,purple,turquoise,green,0,4,3,1,First
87,1,4,441,Fewer than three  of the hearts are green.,square,heart,purple,green,grey,turquoise,0,4,2,2,87883,5,bottom,yes,purple,turquoise,green,grey,3,5,better,,,,,,,,,,First
87,2,1,440,Each of the hearts is turquoise or green.,square,heart,grey,purple,turquoise,green,0,4,3,1,87882,87881,bottom,no,purple,turquoise,green,grey,2,1,square,heart,purple,turquoise,green,grey,0,4,1,3,First
87,2,1,441,Fewer than three  of the squares are grey.,square,heart,purple,green,grey,turquoise,0,4,2,2,87883,5,top,no,purple,turquoise,green,grey,3,5,better,,,,,,,,,,First
88,1,2,440,Each of the squares is green or purple.,square,heart,grey,purple,turquoise,green,0,4,3,1,87882,87881,top,yes,purple,turquoise,green,grey,2,1,square,heart,purple,turquoise,green,grey,0,4,1,3,First
88,1,2,441,Fewer than three  of the hearts are grey.,square,heart,turquoise,grey,green,purple,2,2,4,0,87884,5,bottom,yes,purple,turquoise,green,grey,4,5,better,,,,,,,,,,First
88,2,3,440,Each of the hearts is green or grey.,square,heart,purple,turquoise,green,grey,0,4,1,3,87881,87882,bottom,no,purple,turquoise,green,grey,1,2,square,heart,grey,purple,turquoise,green,0,4,3,1,First
88,2,3,441,Fewer than three  of the squares are green.,square,heart,turquoise,grey,green,purple,2,2,4,0,87884,5,top,no,purple,turquoise,green,grey,4,5,better,,,,,,,,,,First
89,1,1,450,Each of the squares is grey or orange.,square,cross,brown,orange,blue,grey,0,4,1,3,89901,89902,top,yes,brown,orange,blue,grey,1,2,square,cross,grey,brown,orange,blue,0,4,3,1,First
89,1,1,451,Fewer than three  of the crosses are blue.,square,cross,brown,blue,grey,orange,0,4,2,2,89903,5,bottom,yes,brown,orange,blue,grey,3,5,better,,,,,,,,,,First
89,2,2,450,Each of the crosses is orange or blue.,square,cross,grey,brown,orange,blue,0,4,3,1,89902,89901,bottom,no,brown,orange,blue,grey,2,1,square,cross,brown,orange,blue,grey,0,4,1,3,First
89,2,2,451,Fewer than three  of the squares are grey.,square,cross,brown,blue,grey,orange,0,4,2,2,89903,5,top,no,brown,orange,blue,grey,3,5,better,,,,,,,,,,First
90,1,3,450,Each of the squares is blue or brown.,square,cross,grey,brown,orange,blue,0,4,3,1,89902,89901,top,yes,brown,orange,blue,grey,2,1,square,cross,brown,orange,blue,grey,0,4,1,3,First
90,1,3,451,Fewer than three  of the crosses are grey.,square,cross,orange,grey,blue,brown,2,2,4,0,89904,5,bottom,yes,brown,orange,blue,grey,4,5,better,,,,,,,,,,First
90,2,4,450,Each of the crosses is blue or grey.,square,cross,brown,orange,blue,grey,0,4,1,3,89901,89902,bottom,no,brown,orange,blue,grey,1,2,square,cross,grey,brown,orange,blue,0,4,3,1,First
90,2,4,451,Fewer than three  of the squares are blue.,square,cross,orange,grey,blue,brown,2,2,4,0,89904,5,top,no,brown,orange,blue,grey,4,5,better,,,,,,,,,,First
91,1,2,460,Each of the crosses is purple or orange.,cross,triangle,blue,orange,black,purple,0,4,1,3,91921,91922,top,yes,blue,orange,black,purple,1,2,cross,triangle,purple,blue,orange,black,0,4,3,1,First
91,1,2,461,Fewer than three  of the triangles are black.,cross,triangle,blue,black,purple,orange,0,4,2,2,91923,5,bottom,yes,blue,orange,black,purple,3,5,better,,,,,,,,,,First
91,2,3,460,Each of the triangles is orange or black.,cross,triangle,purple,blue,orange,black,0,4,3,1,91922,91921,bottom,no,blue,orange,black,purple,2,1,cross,triangle,blue,orange,black,purple,0,4,1,3,First
91,2,3,461,Fewer than three  of the crosses are purple.,cross,triangle,blue,black,purple,orange,0,4,2,2,91923,5,top,no,blue,orange,black,purple,3,5,better,,,,,,,,,,First
92,1,4,460,Each of the crosses is black or blue.,cross,triangle,purple,blue,orange,black,0,4,3,1,91922,91921,top,yes,blue,orange,black,purple,2,1,cross,triangle,blue,orange,black,purple,0,4,1,3,First
92,1,4,461,Fewer than three  of the triangles are purple.,cross,triangle,orange,purple,black,blue,2,2,4,0,91924,5,bottom,yes,blue,orange,black,purple,4,5,better,,,,,,,,,,First
92,2,1,460,Each of the triangles is black or purple.,cross,triangle,blue,orange,black,purple,0,4,1,3,91921,91922,bottom,no,blue,orange,black,purple,1,2,cross,triangle,purple,blue,orange,black,0,4,3,1,First
92,2,1,461,Fewer than three  of the crosses are black.,cross,triangle,orange,purple,black,blue,2,2,4,0,91924,5,top,no,blue,orange,black,purple,4,5,better,,,,,,,,,,First
93,1,3,470,Each of the crosses is pink or brown.,cross,heart,yellow,brown,green,pink,0,4,1,3,93941,93942,top,yes,yellow,brown,green,pink,1,2,cross,heart,pink,yellow,brown,green,0,4,3,1,First
93,1,3,471,Fewer than three  of the hearts are green.,cross,heart,yellow,green,pink,brown,0,4,2,2,93943,5,bottom,yes,yellow,brown,green,pink,3,5,better,,,,,,,,,,First
93,2,4,470,Each of the hearts is brown or green.,cross,heart,pink,yellow,brown,green,0,4,3,1,93942,93941,bottom,no,yellow,brown,green,pink,2,1,cross,heart,yellow,brown,green,pink,0,4,1,3,First
93,2,4,471,Fewer than three  of the crosses are pink.,cross,heart,yellow,green,pink,brown,0,4,2,2,93943,5,top,no,yellow,brown,green,pink,3,5,better,,,,,,,,,,First
94,1,1,470,Each of the crosses is green or yellow.,cross,heart,pink,yellow,brown,green,0,4,3,1,93942,93941,top,yes,yellow,brown,green,pink,2,1,cross,heart,yellow,brown,green,pink,0,4,1,3,First
94,1,1,471,Fewer than three  of the hearts are pink.,cross,heart,brown,pink,green,yellow,2,2,4,0,93944,5,bottom,yes,yellow,brown,green,pink,4,5,better,,,,,,,,,,First
94,2,2,470,Each of the hearts is green or pink.,cross,heart,yellow,brown,green,pink,0,4,1,3,93941,93942,bottom,no,yellow,brown,green,pink,1,2,cross,heart,pink,yellow,brown,green,0,4,3,1,First
94,2,2,471,Fewer than three  of the crosses are green.,cross,heart,brown,pink,green,yellow,2,2,4,0,93944,5,top,no,yellow,brown,green,pink,4,5,better,,,,,,,,,,First
95,1,4,480,Each of the crosses is purple or green.,cross,square,turquoise,green,grey,purple,0,4,1,3,95961,95962,top,yes,turquoise,green,grey,purple,1,2,cross,square,purple,turquoise,green,grey,0,4,3,1,First
95,1,4,481,Fewer than three  of the squares are grey.,cross,square,turquoise,grey,purple,green,0,4,2,2,95963,5,bottom,yes,turquoise,green,grey,purple,3,5,better,,,,,,,,,,First
95,2,1,480,Each of the squares is green or grey.,cross,square,purple,turquoise,green,grey,0,4,3,1,95962,95961,bottom,no,turquoise,green,grey,purple,2,1,cross,square,turquoise,green,grey,purple,0,4,1,3,First
95,2,1,481,Fewer than three  of the crosses are purple.,cross,square,turquoise,grey,purple,green,0,4,2,2,95963,5,top,no,turquoise,green,grey,purple,3,5,better,,,,,,,,,,First
96,1,2,480,Each of the crosses is grey or turquoise.,cross,square,purple,turquoise,green,grey,0,4,3,1,95962,95961,top,yes,turquoise,green,grey,purple,2,1,cross,square,turquoise,green,grey,purple,0,4,1,3,First
96,1,2,481,Fewer than three  of the squares are purple.,cross,square,green,purple,grey,turquoise,2,2,4,0,95964,5,bottom,yes,turquoise,green,grey,purple,4,5,better,,,,,,,,,,First
96,2,3,480,Each of the squares is grey or purple.,cross,square,turquoise,green,grey,purple,0,4,1,3,95961,95962,bottom,no,turquoise,green,grey,purple,1,2,cross,square,purple,turquoise,green,grey,0,4,3,1,First
96,2,3,481,Fewer than three  of the crosses are grey.,cross,square,green,purple,grey,turquoise,2,2,4,0,95964,5,top,no,turquoise,green,grey,purple,4,5,better,,,,,,,,,,First
